dataset,sample_id,width,height,seconds,inference_mode,fused_path,rgb_path,EN,SF,AG,MI_IR,MI_VI,MI,QABF
m3fd,00000,1024,768,6.193868228998326,tile507_overlap64,results/abl/B0_m3fd_s3407/m3fd/00000.png,,6.867032203284511,16.996887186858842,9.719215393066406,0.6298586735031302,2.312148818428454,2.942007491931584,0.5917291137027834
m3fd,00011,1024,768,1.2156353239988675,tile507_overlap64,results/abl/B0_m3fd_s3407/m3fd/00011.png,,6.838226825167142,16.943579980318287,9.651592254638672,0.6279287883767921,2.266732190827496,2.8946609792042883,0.5902106196728848
m3fd,00025,1024,768,1.214894168999308,tile507_overlap64,results/abl/B0_m3fd_s3407/m3fd/00025.png,,6.447200572382148,12.582731895746077,6.427361011505127,0.6969722752144959,2.039989569836226,2.736961845050722,0.5490230175639061
m3fd,00031,1024,768,1.2192956079998112,tile507_overlap64,results/abl/B0_m3fd_s3407/m3fd/00031.png,,6.592412164096788,13.12211740313401,6.586085796356201,0.7874859018521279,2.2768521785987015,3.0643380804508293,0.549268003898004
m3fd,00033,1024,768,1.2223154970015457,tile507_overlap64,results/abl/B0_m3fd_s3407/m3fd/00033.png,,6.840363876896995,16.84466526965894,9.427827835083008,0.6247712162342446,2.2868113542412707,2.9115825704755154,0.5875076287805877
m3fd,00042,1024,768,1.2244804069996462,tile507_overlap64,results/abl/B0_m3fd_s3407/m3fd/00042.png,,6.541688818097627,14.468366265365058,7.2975544929504395,0.7345925182187095,2.4738964110695587,3.208488929288268,0.5633711842524057
m3fd,00061,1024,768,1.2226379200001247,tile507_overlap64,results/abl/B0_m3fd_s3407/m3fd/00061.png,,6.68831502633232,12.928394785754275,6.00766134262085,1.0073369574422066,2.6805832489637966,3.6879202064060035,0.5745961673822322
m3fd,00071,1024,768,1.2232654979998188,tile507_overlap64,results/abl/B0_m3fd_s3407/m3fd/00071.png,,6.611453102030311,12.454378475416952,5.690401554107666,1.0106368942110475,2.8718600874820757,3.882496981693123,0.5835187655377709
m3fd,00082,1024,768,1.2264691579985083,tile507_overlap64,results/abl/B0_m3fd_s3407/m3fd/00082.png,,6.637234325393459,12.332640576018282,7.289485454559326,0.3495787677676699,2.2649499186386794,2.6145286864063495,0.5428843327177477
m3fd,00097,1024,768,1.2252892120013712,tile507_overlap64,results/abl/B0_m3fd_s3407/m3fd/00097.png,,6.203596548789201,10.645188580868934,5.892544269561768,0.5101576990127349,2.351970142643194,2.8621278416559286,0.5391378602680208
m3fd,00107,1024,768,1.2267760900031135,tile507_overlap64,results/abl/B0_m3fd_s3407/m3fd/00107.png,,6.80671784705026,14.355776455004301,8.499778747558594,0.3344560557633906,2.5659327294101844,2.900388785173575,0.5714842884622973
m3fd,00112,1024,768,1.2269754959997954,tile507_overlap64,results/abl/B0_m3fd_s3407/m3fd/00112.png,,6.643210218095936,14.029333179094964,7.878354072570801,0.5131487452962891,2.6876403143315337,3.200789059627823,0.5650256917011194
m3fd,00118,1024,768,1.2191740950001986,tile507_overlap64,results/abl/B0_m3fd_s3407/m3fd/00118.png,,6.5618786993290215,14.58121911884097,7.9820556640625,0.4299508084551648,2.098777034677721,2.5287278431328857,0.5660948584186257
m3fd,00147,1024,768,1.219979677000083,tile507_overlap64,results/abl/B0_m3fd_s3407/m3fd/00147.png,,6.734355728164573,14.550406837357189,7.587724208831787,0.6028724739800292,2.625838053481353,3.228710527461382,0.5788458720048597
m3fd,00149,1024,768,1.2184964890002448,tile507_overlap64,results/abl/B0_m3fd_s3407/m3fd/00149.png,,6.885356599072324,14.948342820987543,8.678536415100098,0.7134401786192386,2.5304464074854183,3.243886586104657,0.5888694627478417
m3fd,00150,1024,768,1.2200806440014276,tile507_overlap64,results/abl/B0_m3fd_s3407/m3fd/00150.png,,6.892036449915457,15.470070260958558,9.13814640045166,0.7056481645967306,2.728173362070624,3.4338215266673546,0.5925770223686468
m3fd,00159,1024,768,1.2201380629994674,tile507_overlap64,results/abl/B0_m3fd_s3407/m3fd/00159.png,,6.707370430399855,13.18742515579686,7.8749308586120605,0.7012615838330297,2.545611096874688,3.2468726807077175,0.5618911284115296
m3fd,00177,1024,768,1.217168908999156,tile507_overlap64,results/abl/B0_m3fd_s3407/m3fd/00177.png,,6.915054230530954,14.941225504543686,9.36684513092041,0.6330645223222646,2.612100279997917,3.245164802320182,0.5943397505500011
m3fd,00196,1024,768,1.2155779530003201,tile507_overlap64,results/abl/B0_m3fd_s3407/m3fd/00196.png,,6.912557192979024,17.33875783780884,10.850236892700195,0.4469193629725047,3.297218534723629,3.7441378976961337,0.629797826691889
m3fd,00202,1024,768,1.2138694140012376,tile507_overlap64,results/abl/B0_m3fd_s3407/m3fd/00202.png,,6.759181587826809,14.008346444846822,8.233875274658203,0.6368704903609764,2.729868496784843,3.366738987145819,0.5836012906732018
m3fd,00210,1024,768,1.2155429539998295,tile507_overlap64,results/abl/B0_m3fd_s3407/m3fd/00210.png,,6.71594329472676,13.539032663891447,7.566781997680664,0.6436248036763303,2.472718966370368,3.1163437700466985,0.552977122581565
m3fd,00215,1024,768,1.2153891489979287,tile507_overlap64,results/abl/B0_m3fd_s3407/m3fd/00215.png,,6.757712780065784,13.67674183109972,7.785765647888184,0.602798226724554,2.557216464634755,3.160014691359309,0.5521809077060614
m3fd,00232,1024,768,1.2355282249991433,tile507_overlap64,results/abl/B0_m3fd_s3407/m3fd/00232.png,,6.591949321078335,12.500899501090888,7.245969772338867,0.5778564093108378,2.239477499187117,2.8173339084979547,0.551920938921775
m3fd,00242,1024,768,1.2361133470003551,tile507_overlap64,results/abl/B0_m3fd_s3407/m3fd/00242.png,,6.679119755139732,11.31865448127305,5.909849166870117,0.6533703736806622,2.3738325220135073,3.0272028956941694,0.526547403584884
m3fd,00255,1024,768,1.237151453999104,tile507_overlap64,results/abl/B0_m3fd_s3407/m3fd/00255.png,,6.358742431917092,8.598867383613713,4.214897155761719,0.8613481387286515,2.8868317742987224,3.748179913027374,0.5230659083576964
m3fd,00274,1024,768,1.2348145890027808,tile507_overlap64,results/abl/B0_m3fd_s3407/m3fd/00274.png,,6.371716005222986,8.959172349027853,4.586757659912109,0.8271123686630952,2.6992060792401635,3.5263184479032588,0.5148151488414748
m3fd,00284,1024,768,1.2290357290003158,tile507_overlap64,results/abl/B0_m3fd_s3407/m3fd/00284.png,,6.358210383085396,8.844823920161236,4.502405643463135,0.8873909378270826,2.6657385571445467,3.553129494971629,0.5048161649704768
m3fd,00290,1024,768,1.2283194049996382,tile507_overlap64,results/abl/B0_m3fd_s3407/m3fd/00290.png,,6.371177520239538,8.756344323856514,4.490690231323242,0.8587464179551394,2.5449153284079062,3.4036617463630456,0.5090210586393576
m3fd,00306,1024,768,1.227016625001852,tile507_overlap64,results/abl/B0_m3fd_s3407/m3fd/00306.png,,6.317733636714098,8.652495978582193,4.468916416168213,0.8374782224148059,2.4079867766972285,3.245464999112034,0.49485614394974475
m3fd,00320,1024,768,1.2279031299985945,tile507_overlap64,results/abl/B0_m3fd_s3407/m3fd/00320.png,,6.484531239467858,10.319126476206874,5.605794906616211,0.8434118892564617,2.9082012801569563,3.7516131694134183,0.5444131346090992
m3fd,00325,1024,768,1.228522649002116,tile507_overlap64,results/abl/B0_m3fd_s3407/m3fd/00325.png,,7.080122394442553,5.4235740464927495,3.5010507106781006,2.6717301687863637,0.6882954137948065,3.3600255825811702,0.415109013901079
m3fd,00334,1024,768,1.2177994129997387,tile507_overlap64,results/abl/B0_m3fd_s3407/m3fd/00334.png,,7.073377636436964,4.943695824751951,2.9156546592712402,2.9709859155956817,1.1501107880077837,4.121096703603465,0.4226561726017447
m3fd,00339,1024,768,1.2182657619996462,tile507_overlap64,results/abl/B0_m3fd_s3407/m3fd/00339.png,,6.583954021980338,6.840499111758507,3.290449380874634,1.2188609470711458,0.9605830593869013,2.179444006458047,0.4507550253686218
m3fd,00349,1024,768,1.2200619780014677,tile507_overlap64,results/abl/B0_m3fd_s3407/m3fd/00349.png,,6.4318044757299315,8.683029781224796,4.336799144744873,0.6032957176735985,1.195040169202305,1.7983358868759034,0.440476774282998
m3fd,00353,1024,768,1.2202626139987842,tile507_overlap64,results/abl/B0_m3fd_s3407/m3fd/00353.png,,6.420945402156912,8.693465545835927,4.346152305603027,0.5843164043828372,1.206330253447592,1.790646657830429,0.4415832868021983
m3fd,00370,1024,768,1.2197687259977101,tile507_overlap64,results/abl/B0_m3fd_s3407/m3fd/00370.png,,6.437419312515932,8.945047795515583,4.51671838760376,0.5570663125775231,1.2843227299538424,1.8413890425313655,0.45078876562325676
m3fd,00385,1024,768,1.221321363998868,tile507_overlap64,results/abl/B0_m3fd_s3407/m3fd/00385.png,,6.411825933748809,8.020809441382072,4.162515640258789,0.636631919079533,1.128969958916123,1.765601877995656,0.4307448133442935
m3fd,00386,1024,768,1.2240194240002893,tile507_overlap64,results/abl/B0_m3fd_s3407/m3fd/00386.png,,6.691422194888842,10.873998653253834,5.391354084014893,1.0025727921201804,1.353379048770527,2.3559518408907074,0.5232398764255043
m3fd,00388,1024,768,1.2220869359989592,tile507_overlap64,results/abl/B0_m3fd_s3407/m3fd/00388.png,,6.556945968724094,8.067603680383659,3.9545369148254395,0.8956394321452747,0.9848034610920502,1.880442893237325,0.48000641683203843
m3fd,00389,1024,768,1.2214962360012578,tile507_overlap64,results/abl/B0_m3fd_s3407/m3fd/00389.png,,6.556426719937778,9.000424478211373,4.419529438018799,0.9545759147898433,1.2460980595193285,2.2006739743091717,0.4914191340146964
m3fd,00390,1024,768,1.2224047670024447,tile507_overlap64,results/abl/B0_m3fd_s3407/m3fd/00390.png,,6.632217709967831,9.446770715266712,4.439055442810059,1.116635952548916,1.241450148047498,2.358086100596414,0.4940262591403244
m3fd,00400,1024,768,1.2224088120019587,tile507_overlap64,results/abl/B0_m3fd_s3407/m3fd/00400.png,,6.648228249054663,13.794739319349857,7.3628997802734375,0.7360239855190214,1.4381609432215294,2.1741849287405506,0.5903257835340301
m3fd,00405,1024,768,1.2231480299997202,tile507_overlap64,results/abl/B0_m3fd_s3407/m3fd/00405.png,,6.602002743437067,13.661440415656818,6.457107067108154,0.8934669076636444,1.5040325349991155,2.39749944266276,0.5635345594150638
m3fd,00409,1024,768,1.2235718699994322,tile507_overlap64,results/abl/B0_m3fd_s3407/m3fd/00409.png,,6.8085158780140835,11.880688347625833,5.705348491668701,1.337674045401995,1.5087193920917898,2.846393437493785,0.5292025974275774
m3fd,00419,1024,768,1.2217779250022431,tile507_overlap64,results/abl/B0_m3fd_s3407/m3fd/00419.png,,6.895265363641196,10.970345051318331,5.487274646759033,1.5272507722078916,0.9565374723607003,2.4837882445685917,0.4993840047696861
m3fd,00421,1024,768,1.2241769630018098,tile507_overlap64,results/abl/B0_m3fd_s3407/m3fd/00421.png,,6.695494971748863,11.56660239358311,5.714724540710449,1.1504830419108183,1.6866813156959177,2.837164357606736,0.5112807356159276
m3fd,00434,1024,768,1.2239481809992867,tile507_overlap64,results/abl/B0_m3fd_s3407/m3fd/00434.png,,6.8478636087582,10.872694530491923,5.402890205383301,1.2035411673563983,1.6621691739343856,2.865710341290784,0.5238855911299022
m3fd,00441,1024,768,1.2223351709981216,tile507_overlap64,results/abl/B0_m3fd_s3407/m3fd/00441.png,,6.94514590488386,10.826575427304435,4.9318413734436035,2.029261520216898,0.9725675942405391,3.001829114457437,0.5261579415066101
m3fd,00443,1024,768,1.2245909519988345,tile507_overlap64,results/abl/B0_m3fd_s3407/m3fd/00443.png,,7.121087606465289,11.749250307763912,5.972037315368652,1.7745508714523925,0.8906967136807338,2.6652475851331263,0.5330416776531435
m3fd,00449,1024,768,1.2239636080012133,tile507_overlap64,results/abl/B0_m3fd_s3407/m3fd/00449.png,,6.906185007376707,8.728045347158666,3.9609081745147705,2.052702263584654,0.9989085088534416,3.051610772438096,0.4917381161320761
m3fd,00453,1024,768,1.224468316999264,tile507_overlap64,results/abl/B0_m3fd_s3407/m3fd/00453.png,,6.4625089845711825,10.125724364295248,4.843376636505127,1.208630741498242,0.8942132516951542,2.102843993193396,0.5188857736014199
m3fd,00461,1024,768,1.2241822159994626,tile507_overlap64,results/abl/B0_m3fd_s3407/m3fd/00461.png,,6.497994039252882,9.836723793470146,4.594964504241943,1.2111281338503603,1.0928198997078125,2.303948033558173,0.49426959205457505
m3fd,00479,1024,768,1.2244883860003029,tile507_overlap64,results/abl/B0_m3fd_s3407/m3fd/00479.png,,6.975679373224407,13.38063864400416,6.395626068115234,1.5267432088158785,1.3517837429870054,2.878526951802884,0.5424152102878277
m3fd,00489,1024,768,1.223368473998562,tile507_overlap64,results/abl/B0_m3fd_s3407/m3fd/00489.png,,6.921101886957764,10.64164329556507,4.771574020385742,1.7477769986325535,0.9731028412222598,2.7208798398548133,0.5157412445825729
m3fd,00497,1024,768,1.2270487969981332,tile507_overlap64,results/abl/B0_m3fd_s3407/m3fd/00497.png,,6.962270074089091,11.811928448002186,5.31597900390625,1.9097512805603656,0.9199181520482503,2.829669432608616,0.5171422348112971
m3fd,00512,1024,768,1.2248789869991015,tile507_overlap64,results/abl/B0_m3fd_s3407/m3fd/00512.png,,6.910604525649672,14.416566758376549,8.033787727355957,1.3560545156102055,2.311897952113822,3.6679524677240276,0.5689848864448612
m3fd,00525,1024,768,1.2245589240010304,tile507_overlap64,results/abl/B0_m3fd_s3407/m3fd/00525.png,,6.8476022713532885,13.406440772465302,6.79395055770874,1.4038975660545123,1.714517367167839,3.1184149332223514,0.5543365918988032
m3fd,00527,1024,768,1.223140677997435,tile507_overlap64,results/abl/B0_m3fd_s3407/m3fd/00527.png,,6.873450916762051,12.619974919431868,6.574699878692627,1.3266405130143406,1.7555956757911075,3.082236188805448,0.53986568957101
m3fd,00537,1024,768,1.223282664999715,tile507_overlap64,results/abl/B0_m3fd_s3407/m3fd/00537.png,,6.744090086360913,12.11141304169354,5.631591320037842,1.3607436770407546,1.4474524149005794,2.8081960919413342,0.5164403786457572
m3fd,00555,1024,768,1.2247678419989825,tile507_overlap64,results/abl/B0_m3fd_s3407/m3fd/00555.png,,6.720481624333017,13.677563235294471,6.572649002075195,1.1627613142375202,1.6227139193723503,2.7854752336098705,0.5456817194642949
m3fd,00572,1024,768,1.226190814999427,tile507_overlap64,results/abl/B0_m3fd_s3407/m3fd/00572.png,,6.647464031336987,11.855369459179814,5.619685173034668,1.3725593099691213,1.351216480756058,2.7237757907251794,0.5260369957284312
m3fd,00587,1024,768,1.2218218600028194,tile507_overlap64,results/abl/B0_m3fd_s3407/m3fd/00587.png,,6.825752107246573,7.705839040136632,3.7522952556610107,2.2206233878508734,0.7608925191631187,2.9815159070139923,0.4889539727528036
m3fd,00606,1024,768,1.2231812290010566,tile507_overlap64,results/abl/B0_m3fd_s3407/m3fd/00606.png,,6.955698347987341,8.291060812054615,3.9937219619750977,2.347215111883448,0.7051468705418812,3.0523619824253294,0.4555042824253438
m3fd,00621,1024,768,1.2232292279986723,tile507_overlap64,results/abl/B0_m3fd_s3407/m3fd/00621.png,,7.024683549153164,9.163655994372425,4.194250106811523,2.4021291521607204,0.8802433877122963,3.2823725398730166,0.46422020694281657
m3fd,00633,1024,768,1.2252582229994005,tile507_overlap64,results/abl/B0_m3fd_s3407/m3fd/00633.png,,6.756859786804267,9.799633389148509,4.5113630294799805,1.6999178880293666,1.2437559902747741,2.943673878304141,0.48906344579206873
m3fd,00643,1024,768,1.2239313309983118,tile507_overlap64,results/abl/B0_m3fd_s3407/m3fd/00643.png,,6.632378827569013,7.833964218473622,3.851994514465332,1.617585443861138,0.6975990643889783,2.315184508250116,0.44018716669665825
m3fd,00652,1024,768,1.224432008999429,tile507_overlap64,results/abl/B0_m3fd_s3407/m3fd/00652.png,,6.508407428903528,7.269893330096307,3.4730615615844727,1.1422822643959896,0.9883446503782966,2.130626914774286,0.45157959106894174
m3fd,00653,1024,768,1.2248150980012724,tile507_overlap64,results/abl/B0_m3fd_s3407/m3fd/00653.png,,6.55527527130919,9.156600086631183,4.408568382263184,1.183671946319536,1.0930258102691344,2.2766977565886704,0.49658725018373057
m3fd,00661,1024,768,1.22525081799904,tile507_overlap64,results/abl/B0_m3fd_s3407/m3fd/00661.png,,6.340672579113837,8.723990300839107,4.477267742156982,1.701237487689649,1.13193968062399,2.833177168313639,0.4786448463884528
m3fd,00671,1024,768,1.2243748719993164,tile507_overlap64,results/abl/B0_m3fd_s3407/m3fd/00671.png,,6.3339865225160015,8.397971663927102,4.442381381988525,1.1768234557724186,1.525757247555297,2.7025807033277154,0.5030179140532589
m3fd,00676,1024,768,1.2254285060007533,tile507_overlap64,results/abl/B0_m3fd_s3407/m3fd/00676.png,,6.214152479943713,8.5114945185363,4.261525630950928,0.9828617128823472,1.689984410372228,2.6728461232545753,0.494824348911955
m3fd,00677,1024,768,1.224993292002182,tile507_overlap64,results/abl/B0_m3fd_s3407/m3fd/00677.png,,6.694483953647636,9.797497387248832,5.197055339813232,1.1126591621248954,1.314080132608461,2.4267392947333564,0.5139814596060239
m3fd,00687,1024,768,1.2235615430035978,tile507_overlap64,results/abl/B0_m3fd_s3407/m3fd/00687.png,,6.791985126362072,10.224653416278912,5.172698497772217,1.6012085624037797,1.0066969355155309,2.607905497919311,0.5235853236557984
m3fd,00697,1024,768,1.2245143549989734,tile507_overlap64,results/abl/B0_m3fd_s3407/m3fd/00697.png,,6.639737328643584,8.94638604652476,4.5203447341918945,1.3685785680985711,1.1666476847260727,2.5352262528246436,0.4881192435225244
m3fd,00712,1024,768,1.2253907259982952,tile507_overlap64,results/abl/B0_m3fd_s3407/m3fd/00712.png,,6.615853339426675,8.832889568144923,4.928797245025635,0.7376064179263376,2.058314029991209,2.7959204479175463,0.5017706139230289
m3fd,00716,1024,768,1.224432295999577,tile507_overlap64,results/abl/B0_m3fd_s3407/m3fd/00716.png,,5.832302772765864,5.045744761809586,2.797635793685913,0.7866057299428431,0.8171163119619649,1.603722041904808,0.3489039829595545
m3fd,00719,1024,768,1.2263509599979443,tile507_overlap64,results/abl/B0_m3fd_s3407/m3fd/00719.png,,7.411686366713064,23.426013585481645,17.8178653717041,0.656544118490874,1.8541924546728896,2.5107365731637636,0.507261667145725
m3fd,00725,1024,768,1.225077961000352,tile507_overlap64,results/abl/B0_m3fd_s3407/m3fd/00725.png,,7.4307349913313425,23.214748932290775,17.540552139282227,0.6028314339852822,1.767707764728912,2.370539198714194,0.5073098406795945
m3fd,00726,1024,768,1.2268482969993784,tile507_overlap64,results/abl/B0_m3fd_s3407/m3fd/00726.png,,7.433718697223621,23.41765201370338,17.618833541870117,0.5964424722194326,1.7690223772844025,2.365464849503835,0.5080804527848026
m3fd,00738,1024,768,1.227124068998819,tile507_overlap64,results/abl/B0_m3fd_s3407/m3fd/00738.png,,7.283547762776784,20.62297932906343,14.696346282958984,0.7971666679119949,1.764867345938391,2.562034013850386,0.5215622343189118
m3fd,00760,1024,768,1.225263153999549,tile507_overlap64,results/abl/B0_m3fd_s3407/m3fd/00760.png,,7.21812637725889,18.82952903835148,12.151867866516113,0.6210789229474031,3.3770346884080777,3.998113611355481,0.6322100100461719
m3fd,00762,1024,768,1.2271345129993279,tile507_overlap64,results/abl/B0_m3fd_s3407/m3fd/00762.png,,7.261317483506138,20.000959133784793,13.297345161437988,0.5028810634203609,3.3927502446529636,3.8956313080733245,0.6309834834112841
m3fd,00769,1024,768,1.2274235759978183,tile507_overlap64,results/abl/B0_m3fd_s3407/m3fd/00769.png,,7.210193179712032,19.484429466763753,12.672348022460938,0.5444314402039053,3.2804092230058393,3.8248406632097445,0.632916863943431
m3fd,00787,1024,768,1.227435783999681,tile507_overlap64,results/abl/B0_m3fd_s3407/m3fd/00787.png,,7.249256099935681,12.493909290729231,9.513985633850098,1.9362721161520775,0.1832046601096643,2.1194767762617417,0.50144008476246
m3fd,00800,1024,768,1.2256765269994503,tile507_overlap64,results/abl/B0_m3fd_s3407/m3fd/00800.png,,7.15867160971751,12.83420301994818,9.850665092468262,1.6087704313310178,0.286695385386655,1.8954658167176728,0.46681281851102296
m3fd,00801,1024,768,1.2250309670016577,tile507_overlap64,results/abl/B0_m3fd_s3407/m3fd/00801.png,,6.595364562285636,15.889212314800037,10.653690338134766,0.7036248715491215,2.6042267829815433,3.3078516545306647,0.6138603779618165
m3fd,00805,1024,768,1.2261179560009623,tile507_overlap64,results/abl/B0_m3fd_s3407/m3fd/00805.png,,6.6160810167960005,15.929890663473438,10.653278350830078,0.7339972030941913,2.6211398451350854,3.3551370482292766,0.6113136458417426
m3fd,00818,1024,768,1.2263461559996358,tile507_overlap64,results/abl/B0_m3fd_s3407/m3fd/00818.png,,6.637331253552037,15.973476198040439,10.72602653503418,0.7467393905761963,2.697858904119463,3.444598294695659,0.610974098461032
m3fd,00825,1024,768,1.2265851570009545,tile507_overlap64,results/abl/B0_m3fd_s3407/m3fd/00825.png,,6.626143529091663,8.79783431225289,4.382412910461426,1.3466936043543594,1.6725852522701814,3.019278856624541,0.5001514814093784
m3fd,00826,1024,768,1.2249065470023197,tile507_overlap64,results/abl/B0_m3fd_s3407/m3fd/00826.png,,6.674703853880802,9.719134781856429,4.710483074188232,1.1485826519738396,1.421328222944731,2.5699108749185706,0.499436370073141
m3fd,00829,1024,768,1.2248268430012104,tile507_overlap64,results/abl/B0_m3fd_s3407/m3fd/00829.png,,6.658366360189055,9.644832823401272,4.675958633422852,1.1098906734754157,1.4027888390772956,2.5126795125527113,0.5008247382751847
m3fd,00834,1024,768,1.2259099499970034,tile507_overlap64,results/abl/B0_m3fd_s3407/m3fd/00834.png,,6.649008739175622,9.104818752821433,4.4475417137146,1.2174687157773798,1.5692839181811986,2.7867526339585784,0.501993023675589
m3fd,00857,1024,768,1.2247117799997795,tile507_overlap64,results/abl/B0_m3fd_s3407/m3fd/00857.png,,6.554330914369144,7.8949645593082165,3.8321616649627686,1.36842717853763,1.5204430475338204,2.8888702260714503,0.4873112300836967
m3fd,00867,1024,768,1.2261356670023815,tile507_overlap64,results/abl/B0_m3fd_s3407/m3fd/00867.png,,6.6805214228360095,18.42500857294502,12.814112663269043,0.4866875529832091,2.3950370988118896,2.881724651795099,0.5899388706272488
m3fd,00871,1024,768,1.2261865440013935,tile507_overlap64,results/abl/B0_m3fd_s3407/m3fd/00871.png,,6.756790871138904,18.678154325560097,13.144675254821777,0.5095415568413586,2.5313106632649083,3.0408522201062667,0.5923227770856111
m3fd,00878,1024,768,1.2263146019977285,tile507_overlap64,results/abl/B0_m3fd_s3407/m3fd/00878.png,,6.823101697576481,18.501319223023813,13.01397705078125,0.5650420866279756,2.5443572488791686,3.109399335507144,0.5875967263677866
m3fd,00896,1024,768,1.22642426099992,tile507_overlap64,results/abl/B0_m3fd_s3407/m3fd/00896.png,,6.628478134350463,11.990197396969824,6.820806503295898,0.49051027816134757,1.37112740800867,1.8616376861700175,0.5424451981629389
m3fd,00910,1024,768,1.2252864999973099,tile507_overlap64,results/abl/B0_m3fd_s3407/m3fd/00910.png,,6.59240424318148,12.3076245513922,7.0209879875183105,0.4812334929201467,1.3805480935196304,1.861781586439777,0.5430014602190844
m3fd,00916,1024,768,1.2275711319998663,tile507_overlap64,results/abl/B0_m3fd_s3407/m3fd/00916.png,,6.630072639869367,11.906110418645246,6.53236722946167,0.5138755554635537,1.3990890271948468,1.9129645826584005,0.52989253495418
m3fd,00922,1024,768,1.2282884870000998,tile507_overlap64,results/abl/B0_m3fd_s3407/m3fd/00922.png,,6.568411950051378,11.416279050365558,6.333589553833008,0.49350737270049916,1.3843240002304247,1.877831372930924,0.5254173317135387
m3fd,00926,1024,768,1.2283911110025656,tile507_overlap64,results/abl/B0_m3fd_s3407/m3fd/00926.png,,6.522494044214966,11.460365109358746,7.0194807052612305,0.4114441700382506,1.3795629228320037,1.7910070928702542,0.5315485590642897
m3fd,00950,1024,768,1.2250853479999932,tile507_overlap64,results/abl/B0_m3fd_s3407/m3fd/00950.png,,6.640238465954734,7.7918362577643085,4.378138065338135,0.5889631328706922,1.506510656964299,2.0954737898349913,0.4567066802964228
m3fd,00958,1024,768,1.2269185860022844,tile507_overlap64,results/abl/B0_m3fd_s3407/m3fd/00958.png,,6.802741205635961,9.838957820785616,5.702989101409912,0.5462966452469517,1.984881675360077,2.5311783206070286,0.497511541061735
m3fd,00965,1024,768,1.2268756939993182,tile507_overlap64,results/abl/B0_m3fd_s3407/m3fd/00965.png,,6.777837878336488,9.898071279809207,5.743612766265869,0.5324972906368343,2.0121601462304906,2.544657436867325,0.4961669685074014
m3fd,00976,1024,768,1.2286654620002082,tile507_overlap64,results/abl/B0_m3fd_s3407/m3fd/00976.png,,6.522663175624004,11.209980476316806,5.423530101776123,1.2157881233267647,1.7910404987273085,3.006828622054073,0.5061611112863045
m3fd,00994,1024,768,1.22564644600061,tile507_overlap64,results/abl/B0_m3fd_s3407/m3fd/00994.png,,6.531323662527187,11.279088147131713,5.457915782928467,1.1767856432206663,1.7990543862836195,2.975840029504286,0.5099948989092442
m3fd,01017,1024,768,1.2243049159988004,tile507_overlap64,results/abl/B0_m3fd_s3407/m3fd/01017.png,,6.7557876075795065,10.605159191914002,5.675687313079834,1.421403338318141,1.3720650503466378,2.793468388664779,0.4946221380171441
m3fd,01034,1024,768,1.2285135519996402,tile507_overlap64,results/abl/B0_m3fd_s3407/m3fd/01034.png,,6.071781845559793,9.461940347749662,4.470139503479004,1.0870308923348238,2.1326741556426487,3.2197050479774725,0.5280420363851905
m3fd,01043,1024,768,1.226570830000128,tile507_overlap64,results/abl/B0_m3fd_s3407/m3fd/01043.png,,6.032247364874966,10.481718838602543,4.9326629638671875,1.1000856277062177,2.184206018090377,3.2842916457965945,0.5446305116538879
m3fd,01079,1024,768,1.22641832500085,tile507_overlap64,results/abl/B0_m3fd_s3407/m3fd/01079.png,,6.674823604969115,10.184424818311973,5.1033806800842285,1.313447128592922,1.5646278024744327,2.8780749310673546,0.49560207777541077
m3fd,01093,1024,768,1.2270361039991258,tile507_overlap64,results/abl/B0_m3fd_s3407/m3fd/01093.png,,6.7094313770329475,12.712856975098143,6.622041702270508,1.033429140057019,1.6957737068302856,2.7292028468873046,0.5484678603085515
m3fd,01101,1024,768,1.2243017539985885,tile507_overlap64,results/abl/B0_m3fd_s3407/m3fd/01101.png,,6.574494301350939,11.954792943973558,6.1065673828125,1.1511062764870548,1.8245968383797413,2.9757031148667963,0.5423723604129188
m3fd,01115,1024,768,1.2254092690018297,tile507_overlap64,results/abl/B0_m3fd_s3407/m3fd/01115.png,,6.205554624900119,9.504213405146258,4.102817535400391,1.417358761279103,1.7006171804317693,3.1179759417108723,0.5269429815812081
m3fd,01122,1024,768,1.2264610169986554,tile507_overlap64,results/abl/B0_m3fd_s3407/m3fd/01122.png,,6.3347256239375955,9.219337850161681,3.864591598510742,1.5090376501937264,1.5961472120459235,3.10518486223965,0.5086270859577745
m3fd,01136,1024,768,1.2266059339999629,tile507_overlap64,results/abl/B0_m3fd_s3407/m3fd/01136.png,,6.2709584079569085,9.299825867435931,3.5485899448394775,1.562111787830502,1.4865803329233809,3.048692120753883,0.4963733120095136
m3fd,01147,1024,768,1.226227191000362,tile507_overlap64,results/abl/B0_m3fd_s3407/m3fd/01147.png,,6.108013786210799,8.395614944608935,3.3038718700408936,1.4353901736444643,1.59568086069036,3.0310710343348246,0.49405748754237266
m3fd,01156,1024,768,1.2260842270006833,tile507_overlap64,results/abl/B0_m3fd_s3407/m3fd/01156.png,,5.898494099837825,7.47325069181904,2.8963191509246826,1.4341145214890816,1.5801662676837656,3.0142807891728474,0.4626620780074085
m3fd,01165,1024,768,1.2269055169999774,tile507_overlap64,results/abl/B0_m3fd_s3407/m3fd/01165.png,,6.1416628265543665,8.47204589175143,3.2815937995910645,1.297252940371543,1.6346583661788305,2.9319113065503735,0.4875408588271301
m3fd,01186,1024,768,1.225725889999012,tile507_overlap64,results/abl/B0_m3fd_s3407/m3fd/01186.png,,6.757469799602668,13.618687172009116,7.596475124359131,0.6407181439998785,2.333493280167494,2.9742114241673723,0.5650450375640308
m3fd,01204,1024,768,1.2266737690006266,tile507_overlap64,results/abl/B0_m3fd_s3407/m3fd/01204.png,,6.503995104894494,13.523330507659272,6.768553256988525,0.7908462722499938,2.2328080570607853,3.023654329310779,0.5496907383942048
m3fd,01212,1024,768,1.2257266730011906,tile507_overlap64,results/abl/B0_m3fd_s3407/m3fd/01212.png,,6.276386516855393,12.028459695180484,6.066642761230469,0.6929158936764275,1.936870067706474,2.6297859613829013,0.5277824553333375
m3fd,01223,1024,768,1.227441284001543,tile507_overlap64,results/abl/B0_m3fd_s3407/m3fd/01223.png,,6.718727769250188,13.533780728359138,7.155935764312744,0.689380369836859,2.43300072216004,3.122381091996899,0.565330706988039
m3fd,01227,1024,768,1.2268841710028937,tile507_overlap64,results/abl/B0_m3fd_s3407/m3fd/01227.png,,6.796823004058304,11.265329604651582,6.0359978675842285,1.2182273003430242,3.0493001331624487,4.267527433505473,0.5598814814250557
m3fd,01242,1024,768,1.226302647999546,tile507_overlap64,results/abl/B0_m3fd_s3407/m3fd/01242.png,,6.5825868130727905,9.199445949276381,4.269608497619629,0.9530377155777378,2.2607353515976483,3.213773067175386,0.4993320924801893
m3fd,01249,1024,768,1.2257313199988857,tile507_overlap64,results/abl/B0_m3fd_s3407/m3fd/01249.png,,6.462015597218778,8.103868000198672,3.5482847690582275,0.8149365875443125,2.1853544034965435,3.000290991040856,0.4814982820467167
m3fd,01267,1024,768,1.226018778001162,tile507_overlap64,results/abl/B0_m3fd_s3407/m3fd/01267.png,,6.839099153695778,7.716710395196323,3.628767251968384,2.588639374798394,0.7314717674792406,3.3201111422776344,0.4504521190508081
m3fd,01270,1024,768,1.2286472890009463,tile507_overlap64,results/abl/B0_m3fd_s3407/m3fd/01270.png,,6.753279432529867,10.611766129381497,5.377684116363525,0.659655173063613,2.022882981894294,2.682538154957907,0.5400901660953001
m3fd,01299,1024,768,1.226930094002455,tile507_overlap64,results/abl/B0_m3fd_s3407/m3fd/01299.png,,6.61783429281607,11.268072104663595,4.566330432891846,1.3645693823341019,1.8042575588516516,3.1688269411857535,0.5487769260125388
m3fd,01301,480,360,0.20396227300079772,tile507_overlap64,results/abl/B0_m3fd_s3407/m3fd/01301.png,,7.087243007414154,27.34489897380626,21.886964797973633,0.2398627599862635,3.206397444205189,3.4462602041914527,0.634917868458711
m3fd,01320,480,360,0.20288423099918873,tile507_overlap64,results/abl/B0_m3fd_s3407/m3fd/01320.png,,7.08548865635638,27.33329545912044,21.876983642578125,0.23823042508720108,3.210656622159509,3.44888704724671,0.634622092685669
m3fd,01331,480,360,0.20325028499792097,tile507_overlap64,results/abl/B0_m3fd_s3407/m3fd/01331.png,,7.085920751852386,27.252301927417413,21.78582763671875,0.24526925302314884,3.13661258808387,3.3818818411070186,0.6354806641803346
m3fd,01345,1024,768,1.227670724998461,tile507_overlap64,results/abl/B0_m3fd_s3407/m3fd/01345.png,,6.345557699972975,9.537103096053809,5.350251197814941,0.9833264414476597,1.3718611275689967,2.3551875690166564,0.4559306709126896
m3fd,01388,1024,768,1.2264148120011669,tile507_overlap64,results/abl/B0_m3fd_s3407/m3fd/01388.png,,6.334180099483837,9.598259146549845,5.387498378753662,0.9540050098184997,1.2890034608165353,2.243008470635035,0.4532972348418811
m3fd,01393,1024,768,1.2280650539978524,tile507_overlap64,results/abl/B0_m3fd_s3407/m3fd/01393.png,,6.122005105866452,28.599111961673568,18.058151245117188,0.4518189111252211,2.64571214214255,3.0975310532677707,0.43921588852334176
m3fd,01406,1024,768,1.2270014329988044,tile507_overlap64,results/abl/B0_m3fd_s3407/m3fd/01406.png,,6.123548020189654,28.630753257795405,18.107112884521484,0.45414245353490373,2.7334592739594865,3.1876017274943904,0.44153429555848256
m3fd,01413,1024,768,1.2267549889984366,tile507_overlap64,results/abl/B0_m3fd_s3407/m3fd/01413.png,,7.627790558748215,31.744850561534793,24.205703735351562,0.3422537994700401,3.2933064438356627,3.6355602433057026,0.5949457432244774
m3fd,01415,1024,768,1.2273833459985326,tile507_overlap64,results/abl/B0_m3fd_s3407/m3fd/01415.png,,6.121519802806555,28.569535660397182,18.075471878051758,0.4570374843716831,2.7395218251120346,3.1965593094837175,0.44063115105405354
m3fd,01422,1024,768,1.2289407739990565,tile507_overlap64,results/abl/B0_m3fd_s3407/m3fd/01422.png,,6.122372138133034,28.619133283495128,18.086158752441406,0.44915295146105794,2.6370068525649124,3.0861598040259706,0.4387616431355012
m3fd,01432,1024,768,1.2274903150027967,tile507_overlap64,results/abl/B0_m3fd_s3407/m3fd/01432.png,,7.56601964604376,27.9655728237922,19.97257423400879,0.503367814156777,2.6678587988382394,3.1712266129950164,0.5739251320045623
m3fd,01437,1024,768,1.2275723370003107,tile507_overlap64,results/abl/B0_m3fd_s3407/m3fd/01437.png,,7.355118788126503,22.877301274988803,16.114076614379883,0.5492218432366107,1.8123099601169241,2.361531803353535,0.5427640037622882
m3fd,01442,1024,768,1.2270380269983434,tile507_overlap64,results/abl/B0_m3fd_s3407/m3fd/01442.png,,6.896732071855116,16.03864003031416,11.471539497375488,0.6555449375762626,0.8011947072421911,1.4567396448184537,0.4745038513645767
m3fd,01443,1024,768,1.2285503140010405,tile507_overlap64,results/abl/B0_m3fd_s3407/m3fd/01443.png,,6.801820657109112,15.459527647447636,11.180370330810547,0.659821543017697,0.6511557009322714,1.3109772439499685,0.47291452707674597
m3fd,01454,1024,768,1.226977471000282,tile507_overlap64,results/abl/B0_m3fd_s3407/m3fd/01454.png,,7.396673643051835,11.38529377346403,6.496831893920898,2.678647826724619,0.9690063451333132,3.6476541718579325,0.43856251970980786
m3fd,01462,1024,768,1.2251949689998582,tile507_overlap64,results/abl/B0_m3fd_s3407/m3fd/01462.png,,7.388199328390588,11.280374243512899,6.421213626861572,2.683795593126405,0.966855598905136,3.6506511920315408,0.4398474006576539
m3fd,01471,1024,768,1.2255647909987601,tile507_overlap64,results/abl/B0_m3fd_s3407/m3fd/01471.png,,7.398123190954461,11.125952901581131,6.408528804779053,2.7002824032370176,0.9692089703192837,3.6694913735563013,0.4399894841607544
m3fd,01482,1024,768,1.225091895001242,tile507_overlap64,results/abl/B0_m3fd_s3407/m3fd/01482.png,,7.405827989661542,11.34593316919058,6.4860453605651855,2.6797479811766833,0.9743812378993615,3.6541292190760446,0.43773952763519175
m3fd,01486,1024,768,1.2254003420021036,tile507_overlap64,results/abl/B0_m3fd_s3407/m3fd/01486.png,,7.408564757093257,11.408057152791162,6.522098064422607,2.6826909141991293,0.9687648140049725,3.651455728204102,0.43612406391573416
m3fd,01492,1024,768,1.2267490600024757,tile507_overlap64,results/abl/B0_m3fd_s3407/m3fd/01492.png,,7.396224270279376,11.549251472634046,6.7012715339660645,2.6987936458198334,1.02572526249457,3.7245189083144035,0.4447240915592888
m3fd,01494,800,480,0.4073836219977238,tile507_overlap64,results/abl/B0_m3fd_s3407/m3fd/01494.png,,7.271331236030502,26.36929628786608,20.917051315307617,0.2368375130254391,2.8170894129401853,3.0539269259656243,0.5878748837042396
m3fd,01505,800,480,0.4065616379994026,tile507_overlap64,results/abl/B0_m3fd_s3407/m3fd/01505.png,,7.269082188316078,26.516085032390176,21.185958862304688,0.2827206905314775,2.6864532085864634,2.969173899117941,0.5787072092091763
m3fd,01511,800,480,0.4084404570021434,tile507_overlap64,results/abl/B0_m3fd_s3407/m3fd/01511.png,,7.267157385227849,26.302103003348982,21.024965286254883,0.2738820977702815,2.7207225173973377,2.9946046151676193,0.5761087937883319
m3fd,01527,800,480,0.40717110900004627,tile507_overlap64,results/abl/B0_m3fd_s3407/m3fd/01527.png,,7.280496054437405,26.465091182236264,21.210752487182617,0.28324636038468753,2.8088192328201513,3.092065593204839,0.5806070315562122
m3fd,01531,1024,768,1.226468445998762,tile507_overlap64,results/abl/B0_m3fd_s3407/m3fd/01531.png,,7.073688138315102,12.596906515413389,7.549980640411377,1.0896823531773512,3.0321763521227414,4.121858705300093,0.5519089678813659
m3fd,01547,1024,768,1.2269906399997126,tile507_overlap64,results/abl/B0_m3fd_s3407/m3fd/01547.png,,7.074193795710702,12.570895701044309,7.5427093505859375,1.089614256132212,3.034626125032844,4.124240381165055,0.5480786571855516
m3fd,01562,1024,768,1.225274267999339,tile507_overlap64,results/abl/B0_m3fd_s3407/m3fd/01562.png,,7.078809422836282,12.567973411534933,7.562778472900391,1.0874235877982361,3.017836004642756,4.1052595924409925,0.5424064366697184
m3fd,01579,1024,768,1.225130666000041,tile507_overlap64,results/abl/B0_m3fd_s3407/m3fd/01579.png,,7.070180868205276,12.565660578884877,7.560257434844971,1.0808850258850116,3.0131768638298473,4.094061889714859,0.5426590011187895
m3fd,01584,1024,768,1.2272724750000634,tile507_overlap64,results/abl/B0_m3fd_s3407/m3fd/01584.png,,6.888959166728181,14.469512868994267,8.317605972290039,1.0435725913469631,3.140586841097861,4.184159432444824,0.601550295770067
m3fd,01587,1024,768,1.2264499389966659,tile507_overlap64,results/abl/B0_m3fd_s3407/m3fd/01587.png,,6.881967512054436,14.524427027406814,8.594522476196289,0.9532078115127075,3.1294980905018432,4.082705902014551,0.6025386556886961
m3fd,01599,1024,768,1.2270745770001668,tile507_overlap64,results/abl/B0_m3fd_s3407/m3fd/01599.png,,6.94235498998127,14.672241202190886,8.712185859680176,0.9178992478250004,3.2285574600740574,4.146456707899058,0.6071033738197212
m3fd,01608,1024,768,1.2249297970010957,tile507_overlap64,results/abl/B0_m3fd_s3407/m3fd/01608.png,,6.923665791348714,15.104945481238948,9.030357360839844,0.9007417296119901,3.0094765649016804,3.9102182945136703,0.6038804998567001
m3fd,01640,1024,768,1.2247721790008654,tile507_overlap64,results/abl/B0_m3fd_s3407/m3fd/01640.png,,6.8767210844612485,14.494088055168074,8.94896411895752,0.9278768383211163,3.2546299715364753,4.182506809857592,0.6149407674844686
m3fd,01659,1024,768,1.225207537998358,tile507_overlap64,results/abl/B0_m3fd_s3407/m3fd/01659.png,,6.865191804340567,14.661501964562968,9.037493705749512,0.9049933526361311,3.2344318396685083,4.139425192304639,0.6119545021592722
m3fd,01670,1024,768,1.2262564709999424,tile507_overlap64,results/abl/B0_m3fd_s3407/m3fd/01670.png,,6.996065585196231,16.947931684918508,11.099323272705078,0.5621051857927878,3.1340297694410975,3.696134955233885,0.6163787896479779
m3fd,01673,1024,768,1.2268269160013006,tile507_overlap64,results/abl/B0_m3fd_s3407/m3fd/01673.png,,6.90644396401881,16.95061953382181,10.981223106384277,0.6182372234610676,3.1391365775780065,3.757373801039074,0.6120174085341676
m3fd,01707,1024,768,1.2263072640016617,tile507_overlap64,results/abl/B0_m3fd_s3407/m3fd/01707.png,,6.911890043857699,16.983272186776087,11.189560890197754,0.5542809184695553,3.1386494307073125,3.692930349176868,0.6204571589113577
m3fd,01710,1024,768,1.2255499089988007,tile507_overlap64,results/abl/B0_m3fd_s3407/m3fd/01710.png,,6.530919734489386,13.945265724907246,7.881953239440918,0.7915773124953119,1.4590667061064515,2.2506440186017636,0.45807287969854016
m3fd,01724,1024,768,1.2263671630025783,tile507_overlap64,results/abl/B0_m3fd_s3407/m3fd/01724.png,,6.5335950541462315,13.874106217701055,7.873447418212891,0.8012782752342487,1.433243217279867,2.2345214925141157,0.45603600433203956
m3fd,01729,1024,768,1.2278780199994799,tile507_overlap64,results/abl/B0_m3fd_s3407/m3fd/01729.png,,6.545246348314665,13.88249612217532,7.884195327758789,0.8294464812040914,1.4318503268596028,2.261296808063694,0.4554402479982035
m3fd,01741,1024,768,1.2248657370000728,tile507_overlap64,results/abl/B0_m3fd_s3407/m3fd/01741.png,,6.552901323121071,13.927477629636458,7.905190944671631,0.8394220844833257,1.4321457479686233,2.271567832451949,0.45608241842662545
m3fd,01760,1024,768,1.2263786969997454,tile507_overlap64,results/abl/B0_m3fd_s3407/m3fd/01760.png,,6.707337796752516,12.832947989140699,6.976696968078613,1.0631501849562843,1.6770124659693182,2.7401626509256025,0.47060798613825633
m3fd,01773,1024,768,1.2265007090027211,tile507_overlap64,results/abl/B0_m3fd_s3407/m3fd/01773.png,,6.71227421636838,12.80005087580825,6.963420391082764,1.0635286616784194,1.6878420300183428,2.751370691696762,0.46989973802946344
m3fd,01779,1024,768,1.2236251219983387,tile507_overlap64,results/abl/B0_m3fd_s3407/m3fd/01779.png,,6.692218263741442,12.780618551772431,6.941052436828613,1.072204910137444,1.7286983804268965,2.8009032905643405,0.47065431173255556
m3fd,01783,1024,768,1.2251448659990274,tile507_overlap64,results/abl/B0_m3fd_s3407/m3fd/01783.png,,6.687969983912063,12.77775372182706,6.947341442108154,1.0760160490998036,1.7296074907423673,2.8056235398421707,0.4707854157152239
m3fd,01789,1024,768,1.2287761829975352,tile507_overlap64,results/abl/B0_m3fd_s3407/m3fd/01789.png,,6.688209006051127,12.717174490397555,6.935676097869873,1.0734188077241094,1.7318805185563206,2.80529932628043,0.47218436985432566
m3fd,01803,440,320,0.20279817300252034,tile507_overlap64,results/abl/B0_m3fd_s3407/m3fd/01803.png,,6.581504015058298,11.014847588188449,7.07246208190918,1.215690841134265,3.468451359469002,4.684142200603267,0.5468392505143056
m3fd,01806,440,320,0.20294005399773596,tile507_overlap64,results/abl/B0_m3fd_s3407/m3fd/01806.png,,6.605729285938313,11.388913095691036,7.306687355041504,1.2042178558100964,3.3785679282016803,4.582785784011777,0.5405565316486568
m3fd,01807,440,320,0.2034960310011229,tile507_overlap64,results/abl/B0_m3fd_s3407/m3fd/01807.png,,6.584667101716985,11.021882649728115,7.084746360778809,1.2022052679818513,3.398697300943274,4.600902568925125,0.5378307734784529
m3fd,01811,440,320,0.2045089969979017,tile507_overlap64,results/abl/B0_m3fd_s3407/m3fd/01811.png,,6.5989408998631,11.833850087604485,7.802789211273193,1.084993418910019,3.545965329799943,4.630958748709962,0.5508533535286425
m3fd,01828,440,320,0.20467154799916898,tile507_overlap64,results/abl/B0_m3fd_s3407/m3fd/01828.png,,6.58766895001393,11.613928979714304,7.663978099822998,1.0917514038875717,3.54448772773151,4.636239131619082,0.5492121315808104
m3fd,01845,1024,768,1.2279607630007376,tile507_overlap64,results/abl/B0_m3fd_s3407/m3fd/01845.png,,5.814102495257192,8.825968288268824,4.6855292320251465,0.9564298033681202,1.4066742182055156,2.363104021573636,0.41525036639309154
m3fd,01856,1024,768,1.226666855996882,tile507_overlap64,results/abl/B0_m3fd_s3407/m3fd/01856.png,,5.9012569417061025,9.316165611237526,5.035941123962402,1.12947406443036,1.387015697680948,2.5164897621113083,0.4243790557259027
m3fd,01861,1024,768,1.2276003089973528,tile507_overlap64,results/abl/B0_m3fd_s3407/m3fd/01861.png,,5.969542234047058,9.533549188961505,5.196488380432129,1.1452436664374874,1.3724161802653725,2.51765984670286,0.42137625766637093
m3fd,01867,1024,768,1.2261731479993614,tile507_overlap64,results/abl/B0_m3fd_s3407/m3fd/01867.png,,5.902818862413851,9.231184586597047,4.616472244262695,0.6821413877464328,1.2330575506510186,1.9151989383974515,0.4651144413073944
m3fd,01899,1024,768,1.2263467379998474,tile507_overlap64,results/abl/B0_m3fd_s3407/m3fd/01899.png,,6.000811918556822,9.291999895445262,4.663935661315918,0.692562710816316,1.217034060312012,1.909596771128328,0.4667342600821071
m3fd,01911,1024,768,1.224733600000036,tile507_overlap64,results/abl/B0_m3fd_s3407/m3fd/01911.png,,5.948326280683034,9.304095712661768,4.670572757720947,0.7075859969811189,1.2833809907689648,1.9909669877500837,0.46514295990370175
m3fd,01912,400,280,0.20342093400176964,tile507_overlap64,results/abl/B0_m3fd_s3407/m3fd/01912.png,,6.566985041297688,11.435551157980138,7.20587682723999,1.3692465634063213,1.5229706620086425,2.8922172254149636,0.4375822116767985
m3fd,01913,400,280,0.20317155799784814,tile507_overlap64,results/abl/B0_m3fd_s3407/m3fd/01913.png,,6.5687810871091115,11.057142328611443,7.081941604614258,1.361267281884959,1.6227039332027136,2.9839712150876725,0.44779592662322765
m3fd,01919,400,280,0.20365355100148008,tile507_overlap64,results/abl/B0_m3fd_s3407/m3fd/01919.png,,6.551961181703932,10.85885142163494,7.025486469268799,1.35574709881455,1.6216063140528776,2.9773534128674273,0.4477781443405072
m3fd,01929,400,280,0.20336781700098072,tile507_overlap64,results/abl/B0_m3fd_s3407/m3fd/01929.png,,6.552693103049956,10.871761211920433,7.02397346496582,1.3774853206001751,1.5979798170411432,2.9754651376413186,0.4488939384721342
m3fd,01937,1024,768,1.2252365890017245,tile507_overlap64,results/abl/B0_m3fd_s3407/m3fd/01937.png,,6.753355000000262,19.36964922967161,13.446504592895508,0.5351457717432527,3.1457773675922627,3.6809231393355155,0.615061932104119
m3fd,01947,1024,768,1.2263637280011608,tile507_overlap64,results/abl/B0_m3fd_s3407/m3fd/01947.png,,6.7557752124212715,19.511938985478167,13.558156967163086,0.5432735809398875,3.1523705337627366,3.695644114702624,0.6136879033167529
m3fd,01954,1024,768,1.2271035049998318,tile507_overlap64,results/abl/B0_m3fd_s3407/m3fd/01954.png,,6.737952118736176,19.395572615776782,13.480855941772461,0.5318041471278708,3.100936294497515,3.632740441625386,0.6118657670006883
m3fd,01963,1024,768,1.2269244889976108,tile507_overlap64,results/abl/B0_m3fd_s3407/m3fd/01963.png,,6.7362312159274484,19.50391198797085,13.510944366455078,0.5450798735207122,3.1461254763432422,3.6912053498639543,0.6115170006493691
m3fd,01977,1024,768,1.227026209999167,tile507_overlap64,results/abl/B0_m3fd_s3407/m3fd/01977.png,,6.859095249434222,20.959032375715243,14.195695877075195,0.6654003251853602,3.5102920687672565,4.175692393952617,0.6295655498314858
m3fd,01981,1024,768,1.2281528339990473,tile507_overlap64,results/abl/B0_m3fd_s3407/m3fd/01981.png,,6.877453420639608,21.751650182679832,14.691062927246094,0.6929638529143985,3.473294052879241,4.16625790579364,0.6327652111905275
m3fd,01985,1024,768,1.2290851079997083,tile507_overlap64,results/abl/B0_m3fd_s3407/m3fd/01985.png,,6.363094327816705,14.65807812533939,8.602415084838867,0.8567211663708774,2.903198153155983,3.7599193195268605,0.5993334325087888
m3fd,01994,1024,768,1.2296746380015975,tile507_overlap64,results/abl/B0_m3fd_s3407/m3fd/01994.png,,7.197616269278594,16.190542659608774,8.191189765930176,1.348889969024314,2.4728846939592337,3.8217746629835476,0.5245116909106895
m3fd,01996,1024,768,1.2285186600020097,tile507_overlap64,results/abl/B0_m3fd_s3407/m3fd/01996.png,,7.171936934129746,15.346543048984113,7.624505519866943,1.3627040542155218,2.351574774929619,3.7142788291451407,0.5202464698022186
m3fd,02002,1024,768,1.2284396260001813,tile507_overlap64,results/abl/B0_m3fd_s3407/m3fd/02002.png,,7.309498151138458,14.612914189570969,6.9458842277526855,1.333303284709864,2.702013863393767,4.035317148103632,0.5371853432314653
m3fd,02011,1024,768,1.228169934998732,tile507_overlap64,results/abl/B0_m3fd_s3407/m3fd/02011.png,,7.157657866004033,13.367353656525395,6.44856071472168,1.2954049653957973,2.4950949457331557,3.7904999111289532,0.5049332299649666
m3fd,02033,1024,768,1.2268384359995252,tile507_overlap64,results/abl/B0_m3fd_s3407/m3fd/02033.png,,7.196016973574439,14.317971238162219,7.397042274475098,1.2327778785153645,2.4719026895811567,3.704680568096521,0.5413087108921795
m3fd,02045,1024,768,1.2263572599986219,tile507_overlap64,results/abl/B0_m3fd_s3407/m3fd/02045.png,,7.5117341266882365,21.173821861327415,11.576119422912598,1.1038156784693625,3.2041823602858064,4.307998038755169,0.5743986583344591
m3fd,02073,1024,768,1.225579841000581,tile507_overlap64,results/abl/B0_m3fd_s3407/m3fd/02073.png,,7.529442227936483,21.781902211787106,12.041939735412598,1.052465919411821,3.1606278443234674,4.213093763735289,0.5709280717013764
m3fd,02083,1024,768,1.228001186002075,tile507_overlap64,results/abl/B0_m3fd_s3407/m3fd/02083.png,,7.554336701327893,21.890430571853983,12.170239448547363,1.0529019022708939,3.205228761165621,4.258130663436515,0.5744484921846631
m3fd,02090,1024,768,1.2267921220009157,tile507_overlap64,results/abl/B0_m3fd_s3407/m3fd/02090.png,,7.532243033981337,22.019261243012007,12.267365455627441,1.0438639465802517,3.182314142390064,4.2261780889703155,0.571510855517056
m3fd,02102,1024,768,1.2280968569975812,tile507_overlap64,results/abl/B0_m3fd_s3407/m3fd/02102.png,,7.583819438895513,12.000706941098837,5.679357051849365,1.3634240125478287,2.8220191997584347,4.1854432123062635,0.46745022476324843
m3fd,02119,1024,768,1.2252828580021742,tile507_overlap64,results/abl/B0_m3fd_s3407/m3fd/02119.png,,7.487892874479902,14.296062126678752,6.732903957366943,1.2466979801803868,2.414209827464601,3.6609078076449877,0.48482441808934135
m3fd,02120,1024,768,1.227041302001453,tile507_overlap64,results/abl/B0_m3fd_s3407/m3fd/02120.png,,7.573845763846604,12.742537345202713,6.616652011871338,1.2186750223526515,1.585993849142955,2.8046688714956067,0.4675956339239081
m3fd,02142,1024,768,1.2275588760021492,tile507_overlap64,results/abl/B0_m3fd_s3407/m3fd/02142.png,,7.13146154189945,15.160950211249704,8.302306175231934,1.1194406010038638,2.0053382146041883,3.1247788156080523,0.5123217426170458
m3fd,02163,1024,768,1.2249724689972936,tile507_overlap64,results/abl/B0_m3fd_s3407/m3fd/02163.png,,7.050229303518757,16.07496190330649,8.9178466796875,1.302336687956067,2.6781702912800376,3.9805069792361047,0.5793661733865114
m3fd,02180,1024,768,1.227858203001233,tile507_overlap64,results/abl/B0_m3fd_s3407/m3fd/02180.png,,7.296140508015245,19.576088954214853,11.2430419921875,1.1841226555726774,2.993905792613866,4.178028448186543,0.5868354504209873
m3fd,02195,1024,768,1.2258477269970172,tile507_overlap64,results/abl/B0_m3fd_s3407/m3fd/02195.png,,7.0668370118285555,20.43593716231688,10.180853843688965,1.2945739355270849,2.690243307536461,3.984817243063546,0.543047765719282
m3fd,02213,1024,768,1.2265431890009495,tile507_overlap64,results/abl/B0_m3fd_s3407/m3fd/02213.png,,7.228695256905871,21.474084742117725,11.174854278564453,1.3300582359282276,2.9976167370846127,4.32767497301284,0.5753724226398508
m3fd,02233,1024,768,1.2286475399996561,tile507_overlap64,results/abl/B0_m3fd_s3407/m3fd/02233.png,,6.984545102351384,15.303339919355798,7.202316761016846,1.5168367159388587,2.5992801681681312,4.11611688410699,0.5278431185067697
m3fd,02236,1024,768,1.2262714659991616,tile507_overlap64,results/abl/B0_m3fd_s3407/m3fd/02236.png,,6.886452860787847,16.53093786549412,8.00653076171875,1.413691524881001,2.4729663596543294,3.8866578845353303,0.5378652260500959
m3fd,02249,1024,768,1.2257916330017906,tile507_overlap64,results/abl/B0_m3fd_s3407/m3fd/02249.png,,7.120970791641832,17.11228656272372,8.79430103302002,1.458951825446036,2.652433043577058,4.111384869023094,0.5652744365142398
m3fd,02278,1024,768,1.2263640470009705,tile507_overlap64,results/abl/B0_m3fd_s3407/m3fd/02278.png,,6.978427948455345,17.178407814656172,8.834695816040039,1.27754533442443,2.436465227072622,3.7140105614970524,0.5487919311803685
m3fd,02296,1024,768,1.2262837109992688,tile507_overlap64,results/abl/B0_m3fd_s3407/m3fd/02296.png,,7.134544952901344,18.015982361134412,9.24838924407959,1.2676323196688233,2.616488944849385,3.884121264518208,0.5454940282373714
m3fd,02310,1024,768,1.2255534899995837,tile507_overlap64,results/abl/B0_m3fd_s3407/m3fd/02310.png,,7.205283787413927,16.812724231292616,7.911133289337158,1.6611204599534815,2.522823665301806,4.183944125255287,0.5281180738841676
m3fd,02317,1024,768,1.2255795179989946,tile507_overlap64,results/abl/B0_m3fd_s3407/m3fd/02317.png,,7.275044207990909,17.586554818894257,8.599469184875488,1.6982521293859665,2.6851321062373645,4.383384235623331,0.5347912819087403
m3fd,02322,1024,768,1.2282452919971547,tile507_overlap64,results/abl/B0_m3fd_s3407/m3fd/02322.png,,7.1290677251451555,18.700797474313426,8.868646621704102,1.4193898941710625,2.6782329380936725,4.097622832264735,0.5402198192014264
m3fd,02337,1024,768,1.2271296510007232,tile507_overlap64,results/abl/B0_m3fd_s3407/m3fd/02337.png,,6.853211367637575,15.941715773938055,6.881943225860596,1.553557827367431,2.4316506898095693,3.9852085171770004,0.5268515874525206
m3fd,02352,1024,768,1.2247013340020203,tile507_overlap64,results/abl/B0_m3fd_s3407/m3fd/02352.png,,6.937838701710893,13.259311438511103,5.8960185050964355,1.7152746099513994,2.5800956826076114,4.295370292559011,0.5067132374164551
m3fd,02369,1024,768,1.2268094629980624,tile507_overlap64,results/abl/B0_m3fd_s3407/m3fd/02369.png,,6.951674841031538,15.551762396382133,7.3084187507629395,1.5201630992230355,2.225894718411664,3.7460578176347,0.5314188670518519
m3fd,02394,1024,768,1.2258417459997872,tile507_overlap64,results/abl/B0_m3fd_s3407/m3fd/02394.png,,6.988758924955923,12.684549744578968,4.969638347625732,1.7539380263921704,2.527578735540348,4.281516761932519,0.48103570477205265
m3fd,02405,1024,768,1.2255312970009982,tile507_overlap64,results/abl/B0_m3fd_s3407/m3fd/02405.png,,6.711682382071299,12.304431734094475,5.8925042152404785,1.6478453225924865,2.126451349184771,3.7742966717772575,0.5309354644797635
m3fd,02440,1024,768,1.2268148669973016,tile507_overlap64,results/abl/B0_m3fd_s3407/m3fd/02440.png,,6.824574777256631,15.128433794098497,7.612523555755615,1.259680167016712,2.3207578165845084,3.5804379836012203,0.5368456527979817
m3fd,02450,1024,768,1.227248455001245,tile507_overlap64,results/abl/B0_m3fd_s3407/m3fd/02450.png,,7.087623921594949,15.557570792169383,7.9502644538879395,1.4128691311040573,2.4795976653401226,3.8924667964441797,0.5390056433914532
m3fd,02455,1024,768,1.227584824002406,tile507_overlap64,results/abl/B0_m3fd_s3407/m3fd/02455.png,,6.981556951228579,19.542028182794528,9.555381774902344,1.3238293899452935,2.416648322326567,3.7404777122718604,0.5398626579414662
m3fd,02464,1024,768,1.2251369890000205,tile507_overlap64,results/abl/B0_m3fd_s3407/m3fd/02464.png,,6.906977905753936,18.457918686843357,8.609317779541016,1.3778254593308772,2.542226430315514,3.920051889646391,0.523440748820445
m3fd,02473,1024,768,1.2250037960002373,tile507_overlap64,results/abl/B0_m3fd_s3407/m3fd/02473.png,,6.995752930037353,19.415329742062124,9.361164093017578,1.351535763734373,2.846414947228071,4.197950710962444,0.5419624096117593
m3fd,02478,1024,768,1.2263794829996186,tile507_overlap64,results/abl/B0_m3fd_s3407/m3fd/02478.png,,7.0073069140514495,18.175521353305644,9.160504341125488,1.3214657233954892,2.297438297275693,3.618904020671182,0.5372797991079455
m3fd,02486,1024,768,1.2264924369992514,tile507_overlap64,results/abl/B0_m3fd_s3407/m3fd/02486.png,,6.958166141956666,15.624493347790128,7.545973300933838,1.5599279090786524,2.765089974292372,4.325017883371024,0.5299127605885602
m3fd,02495,1024,768,1.2260457080010383,tile507_overlap64,results/abl/B0_m3fd_s3407/m3fd/02495.png,,6.8515294413158845,16.523769718243347,7.7009735107421875,1.457041145414404,2.7845020797336577,4.241543225148062,0.5326600432725546
m3fd,02522,1024,768,1.2279698679994908,tile507_overlap64,results/abl/B0_m3fd_s3407/m3fd/02522.png,,7.115439240629279,17.027595180912265,8.247515678405762,1.5054053851333011,2.8887435632980702,4.394148948431371,0.5506961139521706
m3fd,02527,1024,768,1.227945111997542,tile507_overlap64,results/abl/B0_m3fd_s3407/m3fd/02527.png,,7.41014161280559,20.53256798032089,11.527853012084961,0.9879262179038192,2.794966884347599,3.7828931022514185,0.5743671313004569
m3fd,02530,1024,768,1.2267894520009577,tile507_overlap64,results/abl/B0_m3fd_s3407/m3fd/02530.png,,7.207677373831314,14.21857302153817,7.9580183029174805,1.100715393394982,2.9413097252548672,4.04202511864985,0.5576524429697313
m3fd,02533,1024,768,1.2275030890014023,tile507_overlap64,results/abl/B0_m3fd_s3407/m3fd/02533.png,,6.4644110803508195,12.239390483908329,7.163379192352295,0.3845864390931164,3.3678349987450256,3.7524214378381417,0.5908888264867641
m3fd,02544,1024,768,1.2239218840004469,tile507_overlap64,results/abl/B0_m3fd_s3407/m3fd/02544.png,,6.6033981100258,10.113690895657408,3.4950344562530518,1.6569637643375872,1.6459314719679206,3.302895236305508,0.4860899336350406
m3fd,02556,1024,768,1.2248362509999424,tile507_overlap64,results/abl/B0_m3fd_s3407/m3fd/02556.png,,6.625932024069048,14.499703372631847,6.733704566955566,1.4672795215864236,2.613389902281217,4.080669423867641,0.5190576119526564
m3fd,02572,1024,768,1.224426131000655,tile507_overlap64,results/abl/B0_m3fd_s3407/m3fd/02572.png,,6.691474009853633,12.585421133805436,5.642673969268799,1.5389466854003035,2.295188416557044,3.8341351019573473,0.4912359216209435
m3fd,02606,1024,768,1.2242990739978268,tile507_overlap64,results/abl/B0_m3fd_s3407/m3fd/02606.png,,6.900276062303539,13.889686329493335,6.17418909072876,1.5721899635062195,2.4161164905873025,3.988306454093522,0.5119528366879821
m3fd,02611,1024,768,1.2251014710018353,tile507_overlap64,results/abl/B0_m3fd_s3407/m3fd/02611.png,,6.889760684755602,13.588291875849144,6.417088985443115,1.465266631684874,2.2523476527036514,3.7176142843885254,0.4953082575930982
m3fd,02624,1024,768,1.2303546129987808,tile507_overlap64,results/abl/B0_m3fd_s3407/m3fd/02624.png,,7.570922311636634,17.288303309735287,8.540841102600098,1.41092826738118,3.157427934933432,4.568356202314613,0.5551345007843951
m3fd,02641,780,420,0.4078221029994893,tile507_overlap64,results/abl/B0_m3fd_s3407/m3fd/02641.png,,6.695920522929288,19.437780458515018,8.772049903869629,0.939402411173577,2.453018261841869,3.3924206730154465,0.6227040183311312
m3fd,02651,780,420,0.40815027699864004,tile507_overlap64,results/abl/B0_m3fd_s3407/m3fd/02651.png,,6.508948414639903,11.73998313505478,6.989936351776123,0.5419972171372549,3.075379518316881,3.617376735454136,0.5536079089405384
m3fd,02658,780,420,0.4079919979994884,tile507_overlap64,results/abl/B0_m3fd_s3407/m3fd/02658.png,,6.865087590687521,12.812674412403828,7.045169353485107,0.6171991867099226,2.9029062046494323,3.5201053913593547,0.5087260883506374
m3fd,02667,740,400,0.40694787300162716,tile507_overlap64,results/abl/B0_m3fd_s3407/m3fd/02667.png,,7.254552999791674,11.318381675282982,6.1670823097229,1.232788920338707,2.472238296110875,3.705027216449582,0.43421415635061267
m3fd,02709,1024,768,1.2288609669994912,tile507_overlap64,results/abl/B0_m3fd_s3407/m3fd/02709.png,,7.268305031035812,21.442509544451593,11.597795486450195,1.126950038932499,2.6091734970621703,3.736123535994669,0.5638321675595028
m3fd,02720,1024,768,1.2284749319987895,tile507_overlap64,results/abl/B0_m3fd_s3407/m3fd/02720.png,,7.372252939545062,16.464585240506523,9.617878913879395,1.0109291992379934,2.255045000259397,3.26597419949739,0.527902114452769
m3fd,02731,1024,768,1.2331367619990488,tile507_overlap64,results/abl/B0_m3fd_s3407/m3fd/02731.png,,7.301637608633549,15.492915531255415,9.195306777954102,1.0275186282336914,2.138484493807499,3.1660031220411904,0.5307892966808412
m3fd,02739,1024,768,1.2325860890014155,tile507_overlap64,results/abl/B0_m3fd_s3407/m3fd/02739.png,,7.4774473705904985,20.04565460583179,12.3595552444458,0.7603145818167537,2.6352666185621687,3.3955812003789223,0.5839900864555263
m3fd,02754,1024,768,1.232399312997586,tile507_overlap64,results/abl/B0_m3fd_s3407/m3fd/02754.png,,7.291010758359932,23.58439561726187,16.61688995361328,0.4952406494327124,3.2285693306455787,3.723809980078291,0.6291904893555871
m3fd,02757,1024,768,1.232357367000077,tile507_overlap64,results/abl/B0_m3fd_s3407/m3fd/02757.png,,6.413349400855777,8.289432245439324,3.707604169845581,0.6826080741552167,1.5475393033442297,2.2301473774994465,0.5339522693975464
m3fd,02762,1024,768,1.2317659410000488,tile507_overlap64,results/abl/B0_m3fd_s3407/m3fd/02762.png,,6.613919045113334,11.162009619705843,5.529596328735352,0.6201259250701874,1.2851115820819157,1.905237507152103,0.6141097034447175
m3fd,02778,1024,768,1.2262067459996615,tile507_overlap64,results/abl/B0_m3fd_s3407/m3fd/02778.png,,6.592393013919462,10.683186948570853,5.088959217071533,0.8539932145874738,1.3476284518845385,2.201621666472012,0.6029554454429588
m3fd,02786,1024,768,1.22720055100217,tile507_overlap64,results/abl/B0_m3fd_s3407/m3fd/02786.png,,7.311171750912658,23.423646580716955,15.671666145324707,0.7806571260797096,2.258208764488526,3.0388658905682355,0.6255615004278726
m3fd,02816,1024,768,1.226942045999749,tile507_overlap64,results/abl/B0_m3fd_s3407/m3fd/02816.png,,7.36114377230626,21.00439592675078,13.61174488067627,0.9244940267781315,2.637827719857315,3.562321746635446,0.6028906744941268
m3fd,02821,1024,768,1.2250991389992123,tile507_overlap64,results/abl/B0_m3fd_s3407/m3fd/02821.png,,7.384673086741477,20.387457979080473,12.834349632263184,0.9407745244243361,2.756164900261821,3.6969394246861573,0.6196412008626164
m3fd,02846,1024,768,1.2258490849999362,tile507_overlap64,results/abl/B0_m3fd_s3407/m3fd/02846.png,,7.393043616211623,23.610383262079498,15.67952823638916,0.7930453777704405,3.269642349031354,4.062687726801794,0.6398119535754052
m3fd,02860,1024,768,1.2254946239991114,tile507_overlap64,results/abl/B0_m3fd_s3407/m3fd/02860.png,,7.31040518661641,25.41189446573491,17.981822967529297,0.5395065101888287,2.9486588256781907,3.4881653358670195,0.6277286198578671
m3fd,02869,1024,768,1.225772830999631,tile507_overlap64,results/abl/B0_m3fd_s3407/m3fd/02869.png,,7.360807126580481,21.318365019347016,14.063909530639648,0.6712538208722135,2.6877242285493548,3.358978049421568,0.6078585204644059
m3fd,02896,880,520,0.8139539479998348,tile507_overlap64,results/abl/B0_m3fd_s3407/m3fd/02896.png,,6.967982836518661,19.77218313109678,13.176587104797363,0.3721828212661136,1.8245717220523785,2.196754543318492,0.545836222372183
m3fd,02956,1024,768,1.2250811600024463,tile507_overlap64,results/abl/B0_m3fd_s3407/m3fd/02956.png,,7.491384473037096,22.802602285596006,13.179766654968262,0.8693416993749147,2.256959611527373,3.1263013109022877,0.5336316478998955
m3fd,03019,1024,768,1.2243792030021723,tile507_overlap64,results/abl/B0_m3fd_s3407/m3fd/03019.png,,7.036971623173486,17.928635554881474,10.578352928161621,0.9168243158733447,2.2357530670375736,3.152577382910918,0.5546196433944074
m3fd,03045,1024,768,1.2270756809994054,tile507_overlap64,results/abl/B0_m3fd_s3407/m3fd/03045.png,,7.395587889506688,19.89820691282642,12.784510612487793,0.969782528951264,2.6204063953316448,3.590188924282909,0.5804802676465873
m3fd,03100,1024,768,1.2256895459977386,tile507_overlap64,results/abl/B0_m3fd_s3407/m3fd/03100.png,,7.251955111408902,17.972454495684637,9.157116889953613,1.2990934484337655,2.970272574079108,4.269366022512873,0.564891666403774
m3fd,03109,1024,768,1.2278562799983774,tile507_overlap64,results/abl/B0_m3fd_s3407/m3fd/03109.png,,7.083008131518668,16.042846444607658,8.8101224899292,1.3085058561525544,2.959615805369633,4.268121661522187,0.5605890214443424
m3fd,03143,1024,768,1.2263849100017978,tile507_overlap64,results/abl/B0_m3fd_s3407/m3fd/03143.png,,7.056429948708344,16.491525516319772,9.129563331604004,1.317056929611865,2.819932887755213,4.136989817367078,0.55573623674469
m3fd,03173,1024,768,1.2265339570003562,tile507_overlap64,results/abl/B0_m3fd_s3407/m3fd/03173.png,,7.053734024588577,18.664199772138804,10.318543434143066,1.3811356887145436,2.943961979053383,4.325097667767927,0.5801657003369001
m3fd,03219,1024,768,1.2270066989985935,tile507_overlap64,results/abl/B0_m3fd_s3407/m3fd/03219.png,,7.3562720110699615,16.98701538950399,8.639476776123047,1.2170739622224962,2.991264512755814,4.20833847497831,0.5563697610273541
m3fd,03260,1024,768,1.2270390610028699,tile507_overlap64,results/abl/B0_m3fd_s3407/m3fd/03260.png,,7.058710887684082,18.399739550981973,9.777470588684082,1.2035114980069743,2.483197213382119,3.6867087113890937,0.5311803949942832
m3fd,03281,1024,768,1.2269370290014194,tile507_overlap64,results/abl/B0_m3fd_s3407/m3fd/03281.png,,7.2801400989071325,23.778138750420975,13.461345672607422,0.9645796359618752,2.6157127529803015,3.5802923889421767,0.56962935886266
m3fd,03289,1024,768,1.22810684200158,tile507_overlap64,results/abl/B0_m3fd_s3407/m3fd/03289.png,,7.2445268388095325,23.65044205152366,14.311391830444336,0.9170112641949785,2.2292127494873735,3.146224013682352,0.5553327456620424
m3fd,03354,1024,768,1.225290264999785,tile507_overlap64,results/abl/B0_m3fd_s3407/m3fd/03354.png,,7.499247915315609,24.105839089858947,15.66117000579834,0.9437856736524219,2.6661062379504767,3.6098919116028987,0.5649685962637484
m3fd,03375,1024,768,1.2265175569991698,tile507_overlap64,results/abl/B0_m3fd_s3407/m3fd/03375.png,,7.387453378110909,25.376618718078223,16.289125442504883,0.8383432155820516,2.8982832276800816,3.736626443262133,0.5942425541303059
m3fd,03381,1024,768,1.2274812920004479,tile507_overlap64,results/abl/B0_m3fd_s3407/m3fd/03381.png,,7.166255113970324,21.785989493440137,11.935003280639648,1.083471628295811,2.675131258283112,3.758602886578923,0.560121813889765
m3fd,03409,1024,768,1.2269098890028545,tile507_overlap64,results/abl/B0_m3fd_s3407/m3fd/03409.png,,7.098072506252482,20.499674366602314,10.440119743347168,1.114534800422106,2.3880477927431487,3.502582593165255,0.546378468762902
m3fd,03417,1024,768,1.2261187719996087,tile507_overlap64,results/abl/B0_m3fd_s3407/m3fd/03417.png,,7.2988596993225645,25.131801979465596,15.5603666305542,0.8722981099662721,2.152288185220276,3.0245862951865483,0.5832864209396986
m3fd,03433,1024,768,1.2255235490010818,tile507_overlap64,results/abl/B0_m3fd_s3407/m3fd/03433.png,,7.138103003587036,18.441265539888253,9.244044303894043,1.0086681218159983,2.5140136514656506,3.522681773281649,0.5644731373640216
m3fd,03438,1024,768,1.2275174520000292,tile507_overlap64,results/abl/B0_m3fd_s3407/m3fd/03438.png,,7.25515051564598,20.799847234883792,11.401697158813477,0.9382155791610222,2.3357857531601676,3.27400133232119,0.5830529691615084
m3fd,03462,1024,768,1.225918611002271,tile507_overlap64,results/abl/B0_m3fd_s3407/m3fd/03462.png,,7.353644084724495,25.074539174625283,14.144986152648926,0.7596206204308118,2.96802918745355,3.7276498078843616,0.6258891914710262
m3fd,03473,1024,768,1.2274665660006576,tile507_overlap64,results/abl/B0_m3fd_s3407/m3fd/03473.png,,7.1340255961430366,22.545318710258258,14.043206214904785,0.4006663167809211,2.7880921436657897,3.188758460446711,0.6145242905016742
m3fd,03575,1024,768,1.2255654530017637,tile507_overlap64,results/abl/B0_m3fd_s3407/m3fd/03575.png,,7.277984614959108,24.18902144077813,13.29814624786377,0.9281614430601242,2.25331709719549,3.181478540255614,0.5850720834987365
m3fd,03589,1024,768,1.2269987750005384,tile507_overlap64,results/abl/B0_m3fd_s3407/m3fd/03589.png,,7.260730384466522,17.581508737370534,8.753744125366211,0.9996183676648872,2.2661596676747453,3.2657780353396326,0.5263052919774692
m3fd,03600,1024,768,1.2262743139981467,tile507_overlap64,results/abl/B0_m3fd_s3407/m3fd/03600.png,,7.227091409624256,21.611318053154328,12.282135009765625,0.956014815179929,2.426494799707667,3.382509614887596,0.5648267504232436
m3fd,03640,1024,768,1.2254939660015225,tile507_overlap64,results/abl/B0_m3fd_s3407/m3fd/03640.png,,7.3059938166866365,25.04040730046608,14.645227432250977,0.6986667321122054,3.2098960325050636,3.908562764617269,0.6084369356536214
m3fd,03708,1024,768,1.2263384790021519,tile507_overlap64,results/abl/B0_m3fd_s3407/m3fd/03708.png,,7.328102505025711,20.0822570391609,12.140093803405762,0.9494521379587818,2.1824181168279937,3.1318702547867754,0.5429944922436643
m3fd,03719,1024,768,1.2266503360006027,tile507_overlap64,results/abl/B0_m3fd_s3407/m3fd/03719.png,,7.322054395398966,19.575666072293345,11.566132545471191,0.9741746743768916,2.2690525125775842,3.243227186954476,0.5448136981657901
m3fd,03769,1024,768,1.2285993290024635,tile507_overlap64,results/abl/B0_m3fd_s3407/m3fd/03769.png,,7.171837068310342,22.81036345725897,12.738579750061035,0.6118532821373945,2.081444699584743,2.6932979817221376,0.5691571995716541
m3fd,03813,1024,768,1.228149909999047,tile507_overlap64,results/abl/B0_m3fd_s3407/m3fd/03813.png,,7.181625955932605,20.866990320879548,13.13374137878418,0.40775149479044154,3.066055932880095,3.4738074276705366,0.6072018788014112
m3fd,03836,1024,768,1.2301285149987962,tile507_overlap64,results/abl/B0_m3fd_s3407/m3fd/03836.png,,6.888569345506891,17.472832647490808,9.314704895019531,0.8562151026451578,2.1030617566283287,2.9592768592734866,0.5621995777122761
m3fd,03878,1024,768,1.227356758001406,tile507_overlap64,results/abl/B0_m3fd_s3407/m3fd/03878.png,,7.1210937383600585,13.430127964995485,6.812467575073242,1.993029729453984,0.6403032828685784,2.6333330123225624,0.5066788516618977
m3fd,03989,1024,768,1.2261029229994165,tile507_overlap64,results/abl/B0_m3fd_s3407/m3fd/03989.png,,6.719246067066012,12.956839908848304,7.212255477905273,2.03962230608225,0.6628981622260518,2.7025204683083017,0.5126468556079801
m3fd,04006,1024,768,1.2258524690005288,tile507_overlap64,results/abl/B0_m3fd_s3407/m3fd/04006.png,,6.669466373200793,12.719269941612975,7.020310401916504,1.383344403897806,0.5411345048708386,1.9244789087686445,0.47694550725379903
m3fd,04018,1024,768,1.2291636099980678,tile507_overlap64,results/abl/B0_m3fd_s3407/m3fd/04018.png,,7.269378805727409,8.501464675341673,4.573410987854004,2.975846834518959,0.6907610950343515,3.6666079295533107,0.4433461580346481
m3fd,04026,1024,768,1.2247468250025122,tile507_overlap64,results/abl/B0_m3fd_s3407/m3fd/04026.png,,7.222236711769359,9.005853039928356,5.0342512130737305,2.727094603276028,0.5815671390149525,3.3086617422909805,0.43671640104645
m3fd,04053,1024,768,1.2245252710017667,tile507_overlap64,results/abl/B0_m3fd_s3407/m3fd/04053.png,,6.676980983879023,11.438064842097221,5.926838397979736,1.3310509377035264,0.729847626625469,2.0608985643289954,0.4970291614065995
m3fd,04092,1024,768,1.226707632002217,tile507_overlap64,results/abl/B0_m3fd_s3407/m3fd/04092.png,,6.757430522275014,12.237012949393225,6.395300388336182,1.4092605176371331,0.5560817979883751,1.965342315625508,0.4871224257042123
m3fd,04160,1024,768,1.2281424400025571,tile507_overlap64,results/abl/B0_m3fd_s3407/m3fd/04160.png,,6.839945232593456,17.755142585275905,10.028621673583984,0.7848210355388126,3.02799189638313,3.8128129319219424,0.594318775549308
__mean__,__mean__,,,1.1783046370067192,,,,6.848417970354194,14.785692474329892,8.49730507294337,1.0739965835446605,2.1383379151775928,3.2123344987222535,0.5324387668438363
__std__,__std__,,,0.37449602904020163,,,,0.3806898354570624,5.302835080123886,4.159681592956541,0.5191453864638826,0.7836533891755287,0.709140452590788,0.05527216077774241
