name,EN,SF,AG,MI_IR,MI_VI,MI,QABF,VIF
00000,6.891761064748636,16.454832529505257,9.176021575927734,1.3541549502039805,3.477492966169403,4.831647916373384,0.5235250300696273,0.4377204949106175
00011,6.827490674094383,16.388633590994413,9.077520370483398,1.3527898840971238,3.347698567923813,4.700488452020937,0.5201756803432062,0.4349485400401784
00025,6.354472833421854,12.048826648319956,6.050830364227295,1.143523765245802,3.9165199987480603,5.060043763993862,0.5139982827658006,0.47272623427062066
00031,6.5695171642520584,12.658760038492918,6.201352119445801,1.2614236495983973,4.034652162416431,5.296075812014828,0.5173490389904056,0.4694930299702278
00033,6.840757297989846,16.34699058187814,8.883611679077148,1.3488710804635866,3.2618917922218165,4.610762872685403,0.5155483322113147,0.42951891425650945
00042,6.429037279418681,13.876013904684525,6.841894626617432,1.086475186746715,4.1292790710178915,5.2157542577646065,0.53839151381324,0.4800719137446127
00061,6.566434653163957,12.444257700909782,5.688648700714111,1.460990193980542,3.8263322649033893,5.287322458883931,0.5240227132958977,0.4467505950553339
00071,6.455553570207748,12.048683367614217,5.40465784072876,1.4227673713930027,3.9865105439720976,5.4092779153651005,0.5419536601210646,0.4684500779477025
00082,6.665611247856513,12.290581021337337,6.931382179260254,0.6902961372577276,4.143672214319584,4.833968351577312,0.5161262345363277,0.46836548026524943
00097,6.039735736460683,10.635018492026031,5.30916166305542,0.8563224389024818,4.223596961210086,5.079919400112568,0.5187581330587484,0.4718195392813013
00107,6.818114940695068,14.193747770824727,8.18705940246582,0.8358919744434905,3.9040806796434713,4.739972654086962,0.5400008963995189,0.4662155048730064
00112,6.5439158745506365,13.612835547991235,7.506086349487305,0.747358142637317,4.121017753860405,4.868375896497723,0.5371632741051888,0.46610414538405387
00118,6.449723628083918,14.176311452372465,7.535064220428467,0.8691555399378552,3.6100713821734094,4.479226922111264,0.5226637488857692,0.4475341131670066
00147,6.664510898470543,14.136500668546931,7.230445384979248,0.9971583390360544,4.1837533122521275,5.180911651288182,0.5586506898536604,0.47822225376053684
00149,6.847052962364248,14.669816451201907,8.343313217163086,1.3476462008459098,3.8328023481743188,5.1804485490202286,0.5474519650101705,0.4851892188733689
00150,6.829081292843279,15.028226075553825,8.718571662902832,1.1245073269008714,4.085294437076815,5.209801763977686,0.5465890639052873,0.48000938175914293
00159,6.637510267977366,12.941470698052239,7.532329559326172,1.0515119674312512,4.024657314365718,5.076169281796969,0.5230607969215372,0.4610371746539347
00177,6.9374716944599975,14.57542931201362,8.91683578491211,0.8922042728319572,4.179294679716572,5.07149895254853,0.5261024924170093,0.4553431374191673
00196,6.821716027314762,17.215522360209427,10.65676498413086,0.61827882568448,4.6841793790753,5.30245820475978,0.603742391677999,0.4663548523702046
00202,6.656309873214585,13.905522072741698,8.067233085632324,0.8588063547887755,4.625871800477606,5.484678155266382,0.5678404885872818,0.4762854680940725
00210,6.649908510109382,13.121552123393391,7.088808536529541,1.181778521826765,4.135429751307024,5.317208273133788,0.520560941428531,0.4831749158615672
00215,6.673063818462464,13.266520563131298,7.357264518737793,0.988057559632548,4.456550192750435,5.444607752382983,0.5411704374874532,0.5067202604934429
00232,6.512016682484402,12.143533613547486,6.7483038902282715,0.9503974116471117,4.025607578406667,4.976004990053779,0.5044237970587317,0.4563868560150245
00242,6.575401214204785,10.986165304419412,5.428896903991699,1.35310043444402,3.9295664771082355,5.282666911552256,0.48903693603942244,0.4625873160768834
00255,6.29976305604624,8.12453277471984,3.919445037841797,0.900656547297807,5.113259416038583,6.01391596333639,0.5054960185731755,0.5185992427005165
00274,6.321221359490506,8.601195469836146,4.229878902435303,0.8605316680596252,5.1027104972482675,5.963242165307893,0.5022194381301333,0.5142947118715934
00284,6.300739323583152,8.464326642775987,4.152144432067871,0.9022387854289795,5.050244468192762,5.952483253621741,0.4867355574277266,0.5067112523846293
00290,6.279955135099292,8.398201068639324,4.1415863037109375,0.8826842851838379,4.9759656537640895,5.858649938947927,0.4903843543260298,0.5153589271967743
00306,6.207264145989111,8.297972397307127,4.081181049346924,0.8688411065335598,4.932167820086148,5.801008926619708,0.4745951508291378,0.5070196690152979
00320,6.4048581499923385,9.986777992434178,5.255747318267822,0.8639715990707909,5.1941921599756675,6.058163759046458,0.5367360896467762,0.5088477071643304
00325,7.065981926711199,4.176207501656785,2.476304054260254,4.895578141051175,0.8967807382862347,5.792358879337409,0.27379265372399286,0.441970108335891
00334,7.199845981058287,3.873628051013589,2.3278489112854004,5.527956660220363,1.2506192727279681,6.778575932948332,0.3264648718508926,0.4841774824155128
00339,6.898454207267481,6.105372964242251,2.827458381652832,3.2443940832886544,1.6515683969460335,4.895962480234688,0.33419911470735986,0.4567247227357961
00349,6.008921049795452,7.783558076299532,3.607213020324707,0.6367858612047232,4.1939371331740745,4.830722994378798,0.40891314726126515,0.4667315297592105
00353,5.9886726455976325,7.764396806053558,3.5982658863067627,0.627960131686813,4.202516127804225,4.830476259491038,0.4106597175699074,0.47006002405539293
00370,6.029987881936389,8.089069765600666,3.7949182987213135,0.6409749755416875,4.222406021761238,4.863380997302925,0.4205428298778322,0.46967512252487004
00385,5.965234445483396,7.064624291739078,3.4580676555633545,0.690207267854545,4.151240676686431,4.841447944540976,0.39914396913695877,0.46784293003724875
00386,6.76925548974838,10.613323683675189,5.019134998321533,1.6331524671878381,2.7797918171196025,4.412944284307441,0.43101942184085595,0.4845072950472642
00388,6.465747869894684,7.57941211844462,3.0958149433135986,1.1260284547238584,3.6972384504063647,4.8232669051302235,0.3495924232237718,0.4854398403681655
00389,6.710457430139392,8.704092739106128,3.918203353881836,1.6056606211218118,3.321263297468267,4.926923918590079,0.40176803084108176,0.5100957195396345
00390,6.756701049620554,9.265431039725614,4.199246406555176,2.141626576265696,2.473072842291496,4.614699418557192,0.43045177839470816,0.5047164509514618
00400,6.792992793150889,13.27106354543618,6.574309349060059,1.4435584954180594,2.7478612685463513,4.191419763964411,0.45692283745256257,0.4372987975305701
00405,6.680591758173567,13.348006013293706,6.0264177322387695,1.4626471118260385,2.9562285960969685,4.418875707923007,0.4740423513321651,0.4688787200313492
00409,6.797321362217345,11.365858422565376,5.196085453033447,1.9470334955278579,3.0718196055843237,5.018853101112182,0.42993690109379434,0.4516492499006145
00419,6.8734297735856575,9.962559448842951,4.566965579986572,2.9108856087451116,1.3947429055568983,4.305628514302009,0.3311722099448607,0.3833392765259035
00421,6.662662524256481,10.706146591745128,5.021804332733154,1.4491816008344023,3.9303254329810757,5.379507033815478,0.4060040365299332,0.41008323904375976
00434,6.820443825395824,10.215781231503087,4.885180950164795,1.6402448357638186,3.4043537482562622,5.044598584020081,0.427910438496951,0.4458797498937652
00441,6.743196811733929,10.490679836339309,4.5006937980651855,3.094819732378338,1.400897072508874,4.495716804887213,0.3712425598437997,0.4305934388292577
00443,6.937301135443385,9.0970250151541,4.193017482757568,3.563052603233353,0.9529213399835212,4.515973943216874,0.2395591727056553,0.3346121288397271
00449,6.759087280648657,8.227999360416623,3.614095449447632,3.06390301712961,1.6234060915492177,4.687309108678828,0.35301056037842327,0.4545381048206504
00453,6.212207795806942,9.639368395295824,4.263169765472412,1.540412403909094,2.603595649734554,4.144008053643648,0.34555411920438445,0.4348360673393096
00461,6.3591879314936754,9.087080437598102,3.866702079772949,1.5963311823412774,2.93710710660711,4.533438288948387,0.3184942824067942,0.3985850397347815
00479,6.9482095591711275,12.558491008455817,5.622962474822998,2.1952295328481286,2.4992861744420476,4.694515707290176,0.37253673986966024,0.3916150227113848
00489,6.950257896378711,9.731211013401555,4.122400283813477,2.953663838331828,1.7660829405180567,4.719746778849885,0.3507531591978864,0.42267187015585606
00497,6.83485227695826,11.39852168301192,4.8665690422058105,2.9553843334042296,1.6048317235950107,4.5602160569992405,0.4009786852596086,0.4413155513494678
00512,6.896084805472613,14.387705028220196,7.741095542907715,1.5590559569408153,3.909744361249506,5.468800318190322,0.4833406537131703,0.4302523140896098
00525,6.824696687486142,12.987014389200118,6.307324409484863,2.0913072144508984,2.664335260062434,4.7556424745133326,0.44272090470484887,0.43625896552479276
00527,6.912688154849453,12.37860708541644,6.109118461608887,1.9288709200677943,3.2878895314563006,5.216760451524095,0.43620989144609684,0.42872369511558994
00537,6.790511488014539,11.445995545204262,5.213671684265137,2.2656350123024662,2.10414465503415,4.369779667336616,0.40297115113761345,0.40613172339156706
00555,6.786863311882778,13.121098136421605,6.147900104522705,2.1399160455373365,2.090699062402936,4.230615107940272,0.42685496658993255,0.4072077244139223
00572,6.677278441574323,11.04805807403397,5.069697856903076,2.494538528507028,1.7719473388133131,4.266485867320341,0.3984819266245176,0.4152392568383217
00587,6.756934444189682,6.940959683689998,2.9524898529052734,4.221255301632149,0.8306215199715484,5.051876821603697,0.3168864867349452,0.4517138598891169
00606,6.8297129752819785,7.622312242055291,3.4294681549072266,4.1156509608409175,0.8470088655109541,4.962659826351872,0.3479076006141216,0.438948348575778
00621,6.968739390583002,8.462403052533322,3.6631219387054443,4.274968612055025,0.9845898653466936,5.259558477401718,0.36404124057851506,0.446481379033415
00633,6.764568535844173,9.052557015017713,4.203237056732178,2.780039206378744,1.8576120281386286,4.637651234517373,0.38952883151766543,0.4542314200340356
00643,6.872709319335099,7.30745260007368,3.421175956726074,3.8918042427601374,1.2192641182706803,5.111068361030817,0.3440811673903953,0.37829071300207034
00652,6.732986514742252,6.816661445116731,3.048095464706421,2.9914937493901945,1.5512488145371732,4.5427425639273675,0.3260471836339615,0.38595960883703195
00653,6.764302001588192,8.788097002622816,4.179508209228516,2.831704261589296,1.4153215232577994,4.247025784847095,0.38371948359675173,0.4627683972454826
00661,6.378079835847695,7.699631711863703,3.620833396911621,3.177877074300156,1.8031245580197517,4.981001632319908,0.34219286396229864,0.41109441430855287
00671,6.447374897441765,7.908057603123043,3.979365110397339,2.0837320124954237,2.5248731598722025,4.608605172367627,0.38004845330480863,0.43986053166727845
00676,6.323882953158229,8.450790141913098,4.0344157218933105,1.6726917071743526,2.7126927655865134,4.385384472760866,0.3948650591624027,0.45540984179960087
00677,6.80084833456318,9.432341395223386,4.846512317657471,1.9668850832924474,2.293780318501597,4.260665401794045,0.4013929232778155,0.45353746549314633
00687,6.9281712451847515,9.835496625131858,4.863880634307861,3.1407115142279642,1.3244591712521903,4.465170685480155,0.40300413425952886,0.44797626300706905
00697,6.791954939663324,8.614554271753185,4.222979545593262,2.8370011132345936,1.4551069042208593,4.292108017455453,0.3622811747348992,0.41395247869859847
00712,6.441653098614603,8.016690479611356,4.273728370666504,0.9174802626995816,4.373826724544315,5.291306987243897,0.39883784095211444,0.407586163139749
00716,5.264813033789016,3.7685284800036,2.3014893531799316,1.0406995132209618,3.565773704054661,4.606473217275623,0.320900949075438,0.4695656556623568
00719,7.342921147272025,23.454831446726935,17.87792205810547,0.5950525760834431,4.51355380235932,5.108606378442763,0.5076361093072496,0.40391579516914883
00725,7.352728418051925,23.20957104216958,17.533924102783203,0.6228232443194996,4.278361439079099,4.901184683398599,0.5002879051552928,0.3953943904759644
00726,7.350028904668488,23.392171422915727,17.60679054260254,0.6305352873487743,4.301679280553393,4.932214567902167,0.5029185677991652,0.3974583601269754
00738,7.253961322232705,20.17079067922737,14.357451438903809,1.035946796862461,4.185119151804579,5.221065948667039,0.4646492862034763,0.3828080131770226
00760,7.212885323791447,18.093227637996094,11.600053787231445,1.0798572948639689,4.515621526891124,5.595478821755092,0.5812675838672275,0.4509426209726983
00762,7.241048042741503,19.399252072385757,12.838656425476074,0.8392365091003734,4.6326583223633175,5.471894831463691,0.5927981817540687,0.45253143578689475
00769,7.171845897120539,18.840073576181478,12.166263580322266,0.9230141867664649,4.640203447127729,5.563217633894194,0.5918736031898065,0.4536908865934869
00787,6.378242862965062,10.152466147537561,6.466828346252441,0.5961359635015606,3.4965277316908683,4.092663695192429,0.27656716372611684,0.38568916838750666
00800,6.344207089022921,10.845470547619113,7.279324531555176,0.5770953958282574,3.538681102470528,4.115776498298786,0.30793285469046394,0.38524315527507946
00801,6.5804810761594545,16.328718405693778,10.313837051391602,0.8833065723713776,4.051274051792215,4.934580624163592,0.49299850477138935,0.40020522738948855
00805,6.593605353948794,16.302757934188445,10.270225524902344,0.9260393813257507,4.074070777530122,5.000110158855873,0.48764061907977957,0.3960852234557943
00818,6.61013428077822,16.379412875420634,10.38609790802002,0.9449365319984868,4.132630876972604,5.07756740897109,0.49690603700403496,0.4031481698301481
00825,6.817113398445732,8.380862476531181,4.095849990844727,2.876973268584634,3.001350821365415,5.878324089950049,0.4745155148777218,0.5095842434057692
00826,6.975130538222854,9.010710693433028,4.27064323425293,2.994266453210921,2.4506448595795076,5.4449113127904285,0.43912762976861386,0.4658367301047236
00829,6.9744368457027655,8.932812308879244,4.250686168670654,2.9446263785066686,2.390049822807212,5.334676201313881,0.4341650148521318,0.4620721757175401
00834,6.986979351024511,8.55648551828337,4.115298748016357,2.9692683165200964,2.51881620515228,5.488084521672377,0.4378196291327198,0.4839083449485143
00857,6.94138416965929,7.325544375695467,3.4541707038879395,3.4200856275239606,2.6957952738716067,6.115880901395567,0.39752651065606814,0.46307787968078745
00867,6.586099623307703,18.352709522017115,12.313817024230957,0.6746206161560108,3.9852286819747746,4.659849298130785,0.5087103833972367,0.4070136099482992
00871,6.636345963466383,18.633695590780135,12.666622161865234,0.6785067433089547,3.9955208767988575,4.674027620107812,0.5144645702492647,0.4108854847471496
00878,6.670236124723607,18.405382209297436,12.527112007141113,0.7079095919651539,3.975664099259637,4.683573691224791,0.5074446429848063,0.4081789680603799
00896,6.018616710810088,11.10967764476609,5.677830219268799,0.45896708570394595,4.054953595366015,4.513920681069961,0.4544922033493134,0.45039961162148917
00910,6.019152208055308,11.389229822638384,5.860278606414795,0.4479866358620005,4.069657118509259,4.517643754371259,0.46002528746455,0.4569783039130014
00916,6.154652374157825,10.980998550749126,5.445172309875488,0.4807925081320891,4.290376002490339,4.771168510622428,0.4528393694649642,0.45922989430940603
00922,6.1404567055707915,10.440271168543875,5.256937503814697,0.5401552267287324,4.278823131600497,4.818978358329229,0.4409143300699234,0.4518672624710074
00926,6.11744359649227,10.445251229973941,5.935800552368164,0.45992277581110846,4.0918131775354265,4.551735953346535,0.4480445986159526,0.44241632517985
00950,6.226068632336441,6.684246379870118,3.5572433471679688,0.825208353433277,4.415432743161681,5.240641096594958,0.3677062032358387,0.44263730023683173
00958,6.628219802824442,9.064696568689795,5.067409992218018,0.7732411673862418,4.553350091047588,5.3265912584338295,0.43086588350487,0.44285463517778745
00965,6.675467374334259,9.157428521701034,5.164970874786377,0.7536402921957153,4.597221229715644,5.3508615219113596,0.43858283583522145,0.44614347034590957
00976,6.415522720495017,10.588291172113548,5.08928918838501,1.8182867843960813,3.284547153106741,5.102833937502822,0.44054360080098387,0.4425009074716555
00994,6.48498949396488,10.659169581876506,5.104611396789551,1.8511871386069114,3.2499534498788947,5.101140588485806,0.4429742400721443,0.44318278486094376
01017,6.711574376620643,9.850851793711591,5.337716102600098,1.9930525627559161,2.569172747252801,4.562225310008717,0.4169687410537592,0.4635856735447015
01034,5.9222978236167965,8.836753590944,4.10711145401001,1.5971839125054492,3.549598356617054,5.146782269122504,0.4706938540542512,0.4374839767814612
01043,5.834294019660634,9.989253889446113,4.581924915313721,1.5923885190840408,3.5543086743119137,5.146697193395955,0.48806905461495154,0.4526972507710747
01079,6.72472537090586,9.498562188103637,4.751197814941406,2.2095255260392905,2.641574420000385,4.8510999460396755,0.4255339168322244,0.47868205657817364
01093,6.8046621971809005,11.945240645316932,6.1873393058776855,1.9374544555578583,2.1302033886484235,4.067657844206282,0.44053311888389773,0.4210593216350491
01101,6.6068309663515326,11.251157812491357,5.748803615570068,2.0386540355241127,2.2730153844816843,4.3116694200057974,0.45422738487533415,0.4466104544608286
01115,6.210497395395284,8.946619856898014,3.657174825668335,2.8909617527227076,2.6710224036059813,5.561984156328689,0.44782125341242984,0.4486783749294969
01122,6.396146113173531,8.534222334712455,3.316120147705078,3.262170527744223,2.7682147027899937,6.0303852305342165,0.4194662612575988,0.4452594438630989
01136,6.3318841135783055,8.688451439499351,3.0322482585906982,3.3525372956745922,2.6393489010962736,5.991886196770865,0.41020232185826067,0.45000393958320517
01147,6.329806583994641,7.8796360665498035,2.8184540271759033,3.3059260398364807,2.878060285087659,6.18398632492414,0.42143762005196145,0.47309894133106234
01156,6.05408212682743,6.696593973707031,2.4255566596984863,3.1309829835490355,2.8193520910012793,5.950335074550315,0.38973443355770826,0.45821342435998946
01165,6.421131113657168,8.045014288881774,2.871837854385376,2.8760599468646504,3.0584499473922975,5.934509894256948,0.4415764680834076,0.4962630494005441
01186,6.775102944379998,13.141234632890058,7.05886173248291,1.3741015494297582,3.6623573244855425,5.036458873915301,0.4951434615525987,0.4359874648771005
01204,6.295417699338625,13.123174537670636,6.357346057891846,1.2357188210531334,3.9373368577220895,5.173055678775222,0.5206367256667339,0.4617475878682101
01212,6.069114115146679,11.494135369188964,5.608031749725342,1.20048895304409,3.6772716191885273,4.877760572232617,0.5048392164432735,0.47288702010513084
01223,6.692295275164072,13.058318865695663,6.6609625816345215,1.3569683748515124,3.951591960656099,5.308560335507612,0.522442923283501,0.46853138282857004
01227,6.837070804070931,11.383133317996435,5.936481952667236,1.4179210346261921,4.11193537413979,5.5298564087659825,0.46470541571185237,0.43797212426914356
01242,6.708216820260626,9.07144195816878,4.094733715057373,1.833643780084051,2.6566359028929067,4.490279682976958,0.3904168280022788,0.4410037781506192
01249,6.673867025464501,7.95927313861672,3.343921184539795,1.7989948804126998,2.7371541435368685,4.5361490239495685,0.38885984808949164,0.45841685979851876
01267,6.7392068167538,7.186299038730723,3.271132707595825,4.577535751142056,1.0659864483629737,5.64352219950503,0.38764586960889363,0.47998620361438804
01270,6.7917985804469225,10.47757520867357,4.996890068054199,1.201591811188627,3.3841874854646345,4.585779296653262,0.44978159659809785,0.4698599306974193
01299,6.723793282551588,11.050784517487529,4.385320663452148,2.371405307382238,2.6420578540884376,5.013463161470676,0.4572535254333591,0.514845725116349
01301,7.17433671728408,26.80406449158232,21.291303634643555,0.7547775900423522,1.7878429145083345,2.542620504550687,0.43147680274544503,0.3014441186199469
01320,7.173995101166167,26.777459163309665,21.296464920043945,0.7490135850897035,1.804022264747591,2.5530358498372943,0.43372842332512446,0.30344182080184573
01331,7.197526636752886,26.82083105499642,21.37816047668457,0.7606560151881043,1.9755698811457598,2.736225896333864,0.4539952802998513,0.3201259139251612
01345,6.098961442993884,8.814736656656633,4.668778896331787,1.5660206967383057,4.226016825763215,5.79203752250152,0.373154836099042,0.3676068067816477
01388,6.057508376464616,8.69214602526351,4.558443069458008,1.5885598159051766,4.032689424302806,5.621249240207982,0.3485380281882728,0.338209219673352
01393,7.607901041712203,31.293072930422976,23.637432098388672,0.7800523063807414,2.943501112334979,3.7235534187157207,0.511726212194222,0.3736480577902487
01406,7.605880464310349,31.331597410407173,23.686037063598633,0.75640243779856,2.9724454992476996,3.7288479370462597,0.5136314659484211,0.3742060130120202
01413,7.605535721581569,31.31989830564461,23.7133846282959,0.7595221495281241,2.9715993433653676,3.7311214928934917,0.5128081627271643,0.3736115060361293
01415,7.605862357170697,31.310592216313413,23.705184936523438,0.7564308478928072,2.9811877695249565,3.7376186174177635,0.5129910671552904,0.3736810151090165
01422,7.60960492552769,31.324755976468953,23.695669174194336,0.7776119578594427,2.9480525336174264,3.725664491476869,0.5120421644413211,0.3744539072501468
01432,7.539575439533926,27.85084235648821,19.89041519165039,0.8157597902840727,3.0663763025237225,3.8821360928077953,0.5210693099731953,0.39511540519770044
01437,7.330846036128303,22.689331555368966,15.727721214294434,0.8757118777272738,3.0936351109345956,3.9693469886618695,0.4973664128799434,0.4285803680252468
01442,6.892685559153728,15.945522856697936,11.068676948547363,0.9424192212160722,3.0450494038117317,3.987468625027804,0.4531710911623944,0.4632202754988555
01443,6.754479227450233,15.279597507833959,10.651917457580566,0.93290830198005,2.967841681725953,3.900749983706003,0.4445043926301714,0.4665652904240371
01454,7.442905006307979,9.891486395726512,5.652888298034668,3.7423926332350828,1.2053435097834786,4.947736143018561,0.3374155937579343,0.3924466181799087
01462,7.441301488859557,9.684142345211997,5.547184467315674,3.7864798036955083,1.2079177770652534,4.9943975807607615,0.3407703201437311,0.40042628320328416
01471,7.443061391584633,9.476753914710159,5.482143402099609,3.790238581419536,1.2085354746625796,4.998774056082116,0.3381963139244662,0.3988246370999723
01482,7.445292198390266,9.575872217814744,5.47463321685791,3.8002095714901944,1.1837447597635504,4.983954331253745,0.32808747979758546,0.39375157934314603
01486,7.448721085352172,9.698388665906714,5.569602966308594,3.7810648391767456,1.1937133316812947,4.97477817085804,0.3323854091354307,0.3940030748976573
01492,7.462798887418916,9.755744247621733,5.729747772216797,3.7198659456402967,1.249492119308791,4.969358064949088,0.32697404719615014,0.392646814697258
01494,7.348288200177248,26.416695756787814,20.858810424804688,0.697872450817878,2.91642064918612,3.614293100003998,0.5116329261588521,0.35568518498913304
01505,7.356113718033373,26.680891372435653,21.215694427490234,0.6585590863663193,2.913859722319009,3.5724188086853284,0.5095249398563336,0.3554888068475002
01511,7.354745474779757,26.497297592693542,21.090200424194336,0.6537103211986459,2.9957474504660855,3.649457771664731,0.5082298056358697,0.3583919889773951
01527,7.364186050915896,26.67143102763675,21.299100875854492,0.646125888023012,2.9907357924829854,3.6368616805059975,0.5136684386299287,0.35996092557733694
01531,7.033950347247027,11.993337045926973,6.515172481536865,1.4981896132271255,4.581095184643898,6.079284797871024,0.4117358597102097,0.3432892408069988
01547,7.024198828350144,11.975785785229837,6.513503551483154,1.4819684023986093,4.58399796117427,6.06596636357288,0.4071475498531458,0.3386279865946242
01562,7.023009059956427,12.019309218984027,6.569340229034424,1.4774979405050925,4.562693269830513,6.040191210335605,0.4048103427794817,0.3344461135484009
01579,7.019734827154613,12.040682992421244,6.576383113861084,1.4567994630097272,4.5494956103942545,6.006295073403981,0.40248161389163967,0.3283140352045547
01584,6.7602652378061325,13.956834165059849,7.923810958862305,1.258346968062348,4.589759377430876,5.848106345493224,0.5307845625029923,0.43130887310960025
01587,6.771982614130369,14.022981953976316,8.180330276489258,1.218806056551353,4.458480803658093,5.6772868602094455,0.5265616505524305,0.42704431736854415
01599,6.832641417597912,14.181624184892955,8.351545333862305,1.1626322685446169,4.501091951916928,5.663724220461545,0.5387462102398677,0.4338796387380188
01608,6.80947300607988,14.5404767012137,8.630748748779297,1.1695740693695396,4.4936660717858015,5.663240141155341,0.532799353042509,0.42941164084392536
01640,6.791849331716515,14.401248841752373,8.718172073364258,1.1606690349720679,4.565022518569533,5.725691553541601,0.5667495671019817,0.4380424698865184
01659,6.7929221591182944,14.56250020256269,8.79966926574707,1.1689156345919682,4.533186938056325,5.702102572648293,0.5611153080512343,0.4368549185875179
01670,6.935137022353838,16.529364444155675,10.702361106872559,0.8606962715503462,4.374666278347893,5.235362549898239,0.5653492265288536,0.4467956676696014
01673,6.867738167283745,16.308554861710697,10.632891654968262,0.810361210060425,4.634955396108755,5.445316606169181,0.5662721789592343,0.44864156855628773
01707,6.866400648746994,16.59097958848395,10.870813369750977,0.735904738807749,4.452409384598851,5.1883141234066,0.5802816126357777,0.452867804439145
01710,6.474907414810863,13.696788202679826,7.502933025360107,1.4622142833880032,3.671674085587421,5.133888368975424,0.3771188860164457,0.3069976612130911
01724,6.480628680839011,13.647318993165303,7.5000457763671875,1.4807131848757902,3.665921948147913,5.146635133023703,0.37728681344859577,0.3099699070214928
01729,6.498398208911378,13.709572437016819,7.543694496154785,1.5088960255291588,3.6865655856973927,5.195461611226552,0.3798830597489746,0.3117164520820639
01741,6.5058449106295075,13.72537214688004,7.5516791343688965,1.522234572546188,3.6838046020853747,5.206039174631563,0.3784331914546553,0.3103284319699742
01760,6.392116830866646,12.174129101874179,6.361203193664551,1.6794960857214032,3.612766159623752,5.292262245345155,0.35870875350704756,0.30691522418981204
01773,6.38640733921072,12.308322587111482,6.411239147186279,1.6591417394504155,3.6470386767067295,5.3061804161571455,0.3649701295799491,0.30941787071097826
01779,6.384438244104191,12.330789325297712,6.413097858428955,1.6513936016133361,3.642243656567768,5.2936372581811035,0.3669530732062071,0.310954193739736
01783,6.388079194778904,12.365919896770677,6.442170143127441,1.6416115332539745,3.653443097763281,5.295054631017255,0.36914463761382765,0.3118777909450422
01789,6.379188318890092,12.338016755248512,6.424475193023682,1.6343137275655846,3.6538950651496456,5.28820879271523,0.37053195838620273,0.31275390114669577
01803,6.433385326477756,11.298722519464997,6.8187761306762695,1.3322466596776232,4.183034158320921,5.515280817998544,0.4674441297565515,0.40515562770254515
01806,6.424454056352902,11.582211187461956,7.070119857788086,1.3004948401743524,4.275315906873445,5.575810747047797,0.47650805472756247,0.41771145044722235
01807,6.397466357328593,11.084270589094901,6.779637813568115,1.3127200272529183,4.220162296156772,5.532882323409691,0.46456327849661866,0.40742233104193165
01811,6.479778779577898,11.840125132666603,7.576240062713623,1.2258218264482408,4.290209221927487,5.516031048375728,0.48622749729122555,0.41411127884319
01828,6.470259480673068,11.595826811264763,7.382372856140137,1.2432035886548638,3.8627408066967632,5.105944395351627,0.4513590509002525,0.38363452522195096
01845,5.542240263911379,9.243777133795328,4.566092491149902,1.1876119692976448,3.984719941218726,5.172331910516371,0.37783880495684513,0.3611741335567513
01856,5.589290096192898,9.761303771619612,4.921170234680176,1.2441017498270421,3.9617917424975286,5.205893492324571,0.38172485500159137,0.3604583154534856
01861,5.6789758316196925,10.041089107013956,5.125988483428955,1.279190420852572,3.970097668475624,5.249288089328196,0.38158359427520316,0.3612609937305872
01867,5.540180855546047,8.79823307782936,4.048572063446045,1.488550135787012,3.816854104961812,5.305404240748824,0.4010770267110067,0.3622975517160935
01899,5.5779916818987685,8.823728686322422,4.091274261474609,1.491454720028448,3.793887680160274,5.285342400188722,0.39044721375648106,0.3554664055914495
01911,5.588251651337797,8.845785659359745,4.1053853034973145,1.4853789702436817,3.798457041093546,5.283836011337227,0.3916573497546769,0.3562355651402645
01912,6.5021798745974095,11.18895936855235,6.927048206329346,1.6522473624468723,3.745395103435329,5.3976424658822015,0.4192752698141559,0.4440684953640401
01913,6.4562702775836875,10.828000499790226,6.836158275604248,1.587153182303838,3.791576373891308,5.378729556195147,0.4318858147083331,0.4638418881952835
01919,6.426843023216044,10.652779245736456,6.769006252288818,1.5636880795221066,3.8134201634179217,5.377108242940029,0.4340089859953157,0.4678791220390742
01929,6.415383957925631,10.800356536930137,6.798320770263672,1.5498264191127915,3.8114914661483943,5.361317885261186,0.43467899082628414,0.4687028670471439
01937,6.8260137847331155,19.197100518388513,13.336878776550293,0.7901408385361398,4.182779480145784,4.972920318681924,0.5648703570125829,0.4359839391514193
01947,6.821148189464619,19.38401262566865,13.47093677520752,0.7852781034424662,4.213554185727074,4.99883228916954,0.5677617106395961,0.4378868597144483
01954,6.807172223961191,19.28352128532074,13.434436798095703,0.7831288288472741,4.147540069070122,4.930668897917396,0.5627187646103934,0.4322173109605715
01963,6.794376181376103,19.385731620991884,13.440631866455078,0.7830704837628778,4.185731947031287,4.968802430794165,0.564735951979083,0.4343502759157309
01977,6.8727270020396745,21.177814525126344,14.2398099899292,0.8373781666975786,4.194101173480038,5.031479340177617,0.5557732718466001,0.40531617009015447
01981,6.891734488760032,22.148446792443252,14.841901779174805,0.8739178910807593,4.019218510102546,4.893136401183305,0.5451763908993059,0.3924590302164611
01985,6.2593154382841245,14.57742618941465,8.288179397583008,1.096695262592347,4.165345182684014,5.2620404452763605,0.5027803765014629,0.3927899441631826
01994,6.901822106434855,13.892714739563605,6.425760269165039,1.8194199407064027,3.7876071727696288,5.607027113476032,0.32523701340839917,0.3004314781741713
01996,6.847233808607479,13.171555964513193,5.9128265380859375,1.8465568880486674,3.8315450672995652,5.678101955348232,0.3209969142842728,0.3064741222425455
02002,6.9824671565354155,12.297002873338428,5.161366939544678,1.7198781238487495,4.10828862717222,5.828166751020969,0.2946892315693347,0.28788480885005063
02011,6.939348713624752,11.47079214495989,4.894885540008545,1.6699653369682643,4.299563168442967,5.9695285054112315,0.296177889482657,0.291773366650037
02033,6.889125491787469,12.270411169233318,5.379639625549316,1.7175164107803034,3.9906428882815193,5.708159299061823,0.2908866917880951,0.2700562088387341
02045,7.367371543625685,19.913431703973743,10.480323791503906,1.3148753373354993,3.8858045301027304,5.20067986743823,0.38651987701751306,0.2867303458515601
02073,7.404405152404559,20.574731484716654,11.026666641235352,1.246723045865015,3.9397307429397603,5.1864537888047755,0.40704227274036703,0.3064640080289039
02083,7.435010519178288,20.691354786104068,11.129720687866211,1.2828782080684376,3.90470656162929,5.187584769697728,0.41020191843924625,0.3112140195592434
02090,7.416056592403685,20.84258647124327,11.254047393798828,1.2643290571311387,3.9331298261600813,5.19745888329122,0.4100360986569087,0.3102584270289353
02102,7.388521377455355,11.172963241987704,4.728063106536865,2.067597166533715,4.403493733608384,6.471090900142099,0.34768728738734445,0.33594008760033933
02119,7.308910715056422,13.34711188492099,5.677213668823242,1.9028557703566769,4.122679006117821,6.0255347764744975,0.3439571837674559,0.31133617259862834
02120,7.481689834138828,12.257264427805634,5.970394611358643,2.220056607965891,3.49907364216703,5.71913025013292,0.39567020084111865,0.38983302894555916
02142,7.271129682567598,14.318457697359362,7.218839168548584,1.6757278644282985,3.801408386749057,5.477136251177356,0.3719359403835863,0.30723651692485027
02163,6.95843052821356,14.780791877113582,7.818218231201172,1.7462484044219355,4.155223683836304,5.90147208825824,0.3601751058526996,0.28727166037782703
02180,7.218293217697335,19.062636843835822,10.815779685974121,1.4536855532161674,4.5319548459310575,5.985640399147225,0.47732474436337685,0.33504824543298595
02195,7.007884971085826,19.900778616419593,9.83487606048584,1.535472657423589,4.543782009080917,6.0792546665045055,0.43817272704291055,0.30798185267301886
02213,7.144359444355238,20.651795601545412,10.64169692993164,1.5745649442703167,4.4693577784078125,6.043922722678129,0.4420517440650103,0.2962049649292249
02233,6.812949629981998,14.2609697522785,6.2656354904174805,2.0365198333407504,4.48186200756563,6.518381840906381,0.38341392629517934,0.29873810593751465
02236,6.769112963240337,15.184748291125139,7.038372993469238,1.8882705965311073,4.473724459621897,6.361995056153004,0.38324710008145363,0.3001933934315336
02249,6.963561501488019,15.052136524692955,7.225148677825928,1.9769197037564321,4.052851719880848,6.02977142363728,0.34572564229310093,0.282710426483532
02278,6.94726160788948,16.50804062500195,8.312382698059082,1.8562160222699386,4.411485504679166,6.2677015269491045,0.4404621488004147,0.32521962538364363
02296,6.962421116452973,17.265136800285855,8.588854789733887,1.7360708402498402,4.264077924879554,6.000148765129394,0.4355936195028664,0.3308973774459314
02310,6.989021163308023,15.918364162470558,7.046268939971924,2.316234843916345,4.336132075623405,6.65236691953975,0.3773208571949913,0.26140716854076385
02317,7.071297120671561,16.73535600016431,7.922045707702637,2.048706461408849,4.501503206769298,6.550209668178147,0.41413779381846694,0.2906985384368335
02322,6.8237681910420624,16.319218660433283,7.164349555969238,1.7801665754533855,4.013859086532158,5.794025661985544,0.32781220402318356,0.26890982920351364
02337,6.416614475518715,13.804435497327187,5.512691020965576,1.933863818859938,4.058828485172621,5.992692304032559,0.3035598725954849,0.24096692814503917
02352,6.743466860708098,11.220684357227915,4.587325096130371,2.5148203055339957,4.10389688528634,6.618717190820336,0.2984445636561627,0.29797684206296793
02369,6.685123971502106,13.404820923065623,5.734601974487305,2.025980703476759,4.035210264108519,6.061190967585278,0.3295970219733287,0.29646338873767064
02394,6.5136446949315285,10.953013602726328,4.021936893463135,2.395739894178102,4.217989255960178,6.61372915013828,0.307659462182138,0.295214900799482
02405,6.4730955371732355,10.210629656418352,4.386369228363037,2.2103214407679403,4.066880519457244,6.2772019602251845,0.2763222623296443,0.26383408236410555
02440,6.707285920668706,13.25391915867552,6.219541072845459,1.798742891459641,4.076551060578861,5.875293952038502,0.3279787686078961,0.2979798195337975
02450,6.9081296131772865,14.035574426014351,6.799770355224609,2.016670272175636,4.235624873626826,6.252295145802462,0.3599077528173104,0.3069054513742226
02455,6.932434701901853,18.83102265285984,9.069906234741211,1.7668033843495472,4.222284437654398,5.989087822003945,0.36879219852492906,0.26613040128296794
02464,6.840933925259611,17.495599477816985,8.120487213134766,1.6952768654481662,4.543849315612671,6.239126181060837,0.39868774831707077,0.3106582928661128
02473,6.954887483809277,18.461525701248483,8.831817626953125,1.6958791705285663,4.5295223440518955,6.2254015145804615,0.43149717440039276,0.32549888264147037
02478,6.824590045299299,17.063618803884363,8.221946716308594,1.7178508191279893,4.419965564250252,6.137816383378242,0.402674759065504,0.33628943102978437
02486,6.858072574069692,14.992440260526937,7.098482608795166,1.767955751599632,4.785227199694743,6.553182951294375,0.4144794008523785,0.3426500657198108
02495,6.758642237821581,15.371506786624654,6.980282783508301,1.8354178879199075,4.659496340327741,6.494914228247648,0.3782024495284696,0.31813653868966774
02522,7.037211867995019,15.920373251816661,7.585249900817871,1.9749990624985414,4.383444223042545,6.358443285541087,0.41016468825084323,0.31705118730194626
02527,7.291226409664284,19.57763554537534,10.945277214050293,1.4983768871596208,3.811360429041576,5.309737316201197,0.48014834090065545,0.4004303531760861
02530,7.068058864652912,13.597630718235616,7.388429164886475,1.7760452647979965,3.7238424189159733,5.49988768371397,0.4850503079329767,0.42933234732137965
02533,6.487191935269234,11.4395533880271,6.848412990570068,0.4414559207609817,5.498697302847259,5.940153223608241,0.5948715400003438,0.494533563749168
02544,6.6689449839392765,9.617411025878313,3.314784049987793,2.930762724475972,2.1011457479908633,5.031908472466835,0.41287887379792443,0.507905445507238
02556,6.484813328085552,13.038179388737843,5.829560279846191,1.851307635830643,4.604747663300948,6.456055299131592,0.3554498924811003,0.30024194847422503
02572,6.537282856615195,11.455764961188768,4.93020486831665,2.1074109148693423,4.64662441912024,6.754035333989583,0.346044168584264,0.2789849140411818
02606,6.689439019177678,12.978706898118919,5.327739238739014,2.3682126377170434,4.426794229479742,6.795006867196785,0.40251711262125484,0.334351225086736
02611,6.79643818451799,12.73674850399128,5.731141567230225,2.2570140749492467,4.470263367225003,6.72727744217425,0.39827056324158444,0.3289817803100471
02624,7.282551934793214,15.682307618539378,7.1811699867248535,1.726640410904607,4.537137289923133,6.26377770082774,0.3767259280182776,0.33326104847204935
02641,6.666340384815406,13.5309695537232,6.55348014831543,1.7873212787624235,2.207959253811695,3.9952805325741183,0.2699399762054672,0.38394127509960574
02651,6.565605073761129,9.182456817961558,5.64971399307251,0.6740314796263469,3.626966407148894,4.3009978867752405,0.3930809515550804,0.4063365556729996
02658,6.931323026490119,9.84446461852289,5.6022257804870605,0.789915951498371,3.830955513851242,4.620871465349613,0.3658942066331053,0.39128371138299384
02667,6.994723125270292,9.12574456124098,4.791787147521973,1.8084702410544666,3.905811202011339,5.714281443065806,0.3330178981885019,0.36984909450436876
02709,7.026108790129889,19.92583924786007,10.301990509033203,1.3784551297315646,4.020690601930895,5.399145731662459,0.43035233379599774,0.35124795808773074
02720,7.30128278041964,15.81081678583688,9.018799781799316,1.370683321984689,4.005965009485484,5.376648331470173,0.4208126083361201,0.3328362730602772
02731,7.222861340385409,14.657523221105073,8.403790473937988,1.4945907998964318,4.05525978861333,5.549850588509761,0.4049373563168545,0.3283930950646335
02739,7.334833922459506,19.075465480437487,10.977502822875977,1.2655437773826694,3.4537104966820538,4.719254274064723,0.4313728743593196,0.3295992528042813
02754,7.324092161705697,22.916700929722627,16.1324520111084,0.6263019803154249,4.344553677178455,4.97085565749388,0.5778429741319999,0.4208587434033011
02757,6.441644473630087,7.647364297632547,3.1403138637542725,1.880587059264776,2.2589944048289494,4.139581464093725,0.3950484878346169,0.4482254457177347
02762,6.543142023889285,9.88065882130466,4.141987323760986,2.3647148028934617,1.219162983157467,3.5838777860509285,0.35401619609688817,0.41021594636734393
02778,6.61122443889713,9.90607589684751,4.1683735847473145,2.318391938613267,1.9048026776437426,4.223194616257009,0.42778890958822013,0.44171035009651627
02786,7.281401008449487,22.33008457232189,14.077699661254883,1.2667309994161313,3.192221252021472,4.458952251437603,0.4405059778982631,0.314214431733023
02816,7.381782327458729,19.565439939144884,12.345377922058105,1.528484786841458,3.552561288107517,5.081046074948975,0.47331826792880366,0.3734673299690747
02821,7.360552747908566,19.032043192485162,11.317914962768555,1.5724573477859984,3.385881049076639,4.958338396862637,0.45812061225271195,0.37104275427473693
02846,7.385251892241563,23.36496692944318,15.340554237365723,1.0512785456238813,4.201329370192113,5.252607915815994,0.5507244257831246,0.39654762451251624
02860,7.298192881321832,25.092286532728235,17.41245460510254,0.8601547204411846,3.2835602355448015,4.1437149559859865,0.4915348012188452,0.34159541799799426
02869,7.240412228358955,20.209458333923944,12.724689483642578,1.0382544191495129,3.6278434071698418,4.666097826319355,0.45635936701799934,0.34585494169718045
02896,7.002552347172505,18.83277075625116,12.357429504394531,0.930931048021324,2.984897376845113,3.915828424866437,0.43120878509470917,0.35915553004134926
02956,7.305063136163433,22.26117372831164,12.636887550354004,1.3852624756761396,4.039437048357939,5.424699524034079,0.4500594383930535,0.3361768496538919
03019,6.995832933573645,17.032552287393877,9.76700496673584,1.345059111954505,4.017797128126596,5.3628562400811015,0.4320368979495825,0.33864390536936456
03045,7.244426010953436,18.984803416148726,11.63542652130127,1.4786441214441026,3.74876435556998,5.227408477014083,0.450351098227192,0.3364283106614569
03100,7.090062210070299,17.119808153908032,8.354917526245117,1.6569456356527184,4.49163211530996,6.148577750962678,0.43144956660475925,0.35577738905417433
03109,6.974195618475418,14.720980209769126,7.867033004760742,1.712669551392949,4.469090966433277,6.181760517826226,0.40426765159956796,0.3636914857642016
03143,6.937461406871268,14.669614416645306,7.873694896697998,1.7759230052847765,4.331461429122942,6.107384434407718,0.38613648836163567,0.3690276635480052
03173,7.036211440417177,17.66806561408405,9.467324256896973,1.741308279628382,4.417489496889383,6.158797776517765,0.4217088466174772,0.3632329604437938
03219,7.140769472711484,15.655433247942957,7.652366638183594,1.5223711806219062,4.419588290193422,5.941959470815329,0.419859342211089,0.36256460838180526
03260,6.861663453864275,16.905064305697966,8.737939834594727,1.464627602204621,4.076489587319637,5.5411171895242575,0.3938077319290639,0.3268657088551211
03281,7.104053702768017,22.58600221936848,12.422343254089355,1.3117297893482305,3.661253160502031,4.972982949850262,0.4320228817321111,0.30462212913785597
03289,7.198811971560453,23.419701618709553,14.086691856384277,1.250484397783478,3.9373804742615732,5.1878648720450515,0.4626975141774433,0.31925808721200755
03354,7.433366356218432,23.868519204721,15.330642700195312,1.2273989810741845,3.921666824949748,5.149065806023932,0.47967627174970734,0.3336380590913737
03375,7.274411662461488,24.875676604402337,15.667290687561035,1.082341966390727,3.986533507100225,5.068875473490952,0.489421136877833,0.3365163024263314
03381,7.16783669612987,21.32382640863031,11.441664695739746,1.417244263777705,4.39940146893587,5.8166457327135745,0.48288215252588973,0.3595638840362853
03409,7.002678316978631,19.750379356848992,9.865522384643555,1.5242624280366344,4.294682636442713,5.8189450644793475,0.4283598522154616,0.3003005489954784
03417,7.147047717221474,24.352637680619825,14.40427303314209,1.5071885750867084,3.4586596895700112,4.96584826465672,0.43364637226575786,0.2891867817516067
03433,7.120862287399209,17.158738088832294,8.304773330688477,1.3710466709229663,4.285510981150513,5.656557652073479,0.4416846239572555,0.34934332635773113
03438,7.152078055287669,19.908275844817506,10.439777374267578,1.4058220175708256,3.8738513665106735,5.279673384081499,0.44948513830980596,0.3168354903368573
03462,7.311758490139492,24.13715674166146,13.262428283691406,1.1535864293995204,3.7326143686361513,4.886200798035672,0.4933881804477903,0.33041003180800443
03473,7.200312819364033,21.791097114983017,13.349722862243652,0.9666191086035123,3.2921161537762003,4.258735262379712,0.5256952969866976,0.40683551092472714
03575,7.063409251469314,23.123363758983746,12.371049880981445,1.2619850185522299,4.0248079205015275,5.286792939053758,0.45719063551759015,0.3011166731838132
03589,7.0788091537617115,15.870924345095448,7.602340221405029,1.2643490489872746,4.231759965958399,5.496109014945674,0.3699051980144902,0.2986040481697949
03600,7.253761028266999,20.648759343669845,11.286967277526855,1.316436454252957,3.916138485752862,5.232574940005819,0.4535304410506614,0.32654851622912784
03640,7.2987278087060545,24.120904483582688,13.863021850585938,1.1716222876613316,3.8787449773529676,5.050367265014299,0.4895499817598637,0.3383987388931531
03708,7.248122909398642,19.303955378606204,11.440245628356934,1.3507531805963504,3.7815773187592603,5.132330499355611,0.4258926051314874,0.31688471294765763
03719,7.251277242318295,18.738483221692707,10.720927238464355,1.3765180179178207,3.7460332255433486,5.122551243461169,0.40683804239249155,0.2952887361762533
03769,7.26123250608166,21.68556520363209,12.043973922729492,1.227455106689325,3.441627272169022,4.669082378858347,0.470062469129038,0.36118834383828563
03813,7.1777699987850845,20.255441258574947,12.751775741577148,0.5767239932873445,4.786863913495206,5.36358790678255,0.5635270939533539,0.42822437839671257
03836,6.896533701977116,16.43270784983787,8.71424674987793,1.409767624955085,3.7799200199630203,5.189687644918106,0.46135340928697405,0.37795335491450543
03878,7.005033450765142,11.996016368632302,5.696589469909668,3.7076662239131246,0.9933326520633702,4.700998875976495,0.39554112583556683,0.42053497533393164
03989,6.5916826177057235,12.218611990902666,6.283390045166016,3.8029820197612327,0.8326623840997144,4.6356444038609474,0.4423162510696429,0.4635877363587441
04006,6.9047937165425335,10.089268018340965,5.305089473724365,3.384663666478816,1.2000973419488197,4.584761008427636,0.3006860117566181,0.353243458983018
04018,7.211507723271275,7.881799463583298,3.9365744590759277,4.804310113574751,1.0722112173423441,5.876521330917095,0.38635088357617803,0.4519355557128569
04026,7.198446068667169,8.186389007608698,4.110625267028809,4.75189138735724,0.9666280020798238,5.718519389437064,0.36709476861924806,0.4387507573377829
04053,6.83533701470392,10.502877655594874,5.404972553253174,2.6318231959494574,1.808618636446701,4.440441832396158,0.41486388434482224,0.44108888321257955
04092,6.855924897517783,11.11254434177227,5.653508186340332,2.9010606573658033,1.3181107673641608,4.219171424729964,0.3879302265726742,0.4027511583388382
04160,6.721402231128785,17.33923290820788,9.819623947143555,0.9980726541633806,4.039402988521148,5.037475642684529,0.5125387813741162,0.40191472581382826
__mean__,6.790381497391546,14.100766118446657,7.935199309984843,1.6630141261471665,3.5074044412346232,5.170418567381789,0.434509400802328,0.3973135351785181
__std__,0.4198098554974275,5.47134558508118,4.451878773109702,0.9201269565205323,1.0459953730033675,0.727417340493006,0.07377019670766764,0.06547070703797235
