sample_id,mask_coverage,M_mean,mean_abs_change_init
00000,0.00337,0.047785,0.002444
00011,0.003537,0.048495,0.002508
00025,0.002084,0.040907,0.002932
00031,0.002351,0.042508,0.00297
00033,0.003555,0.04671,0.002406
00042,0.002322,0.046931,0.003258
00061,0.002069,0.038566,0.002366
00071,0.002104,0.038483,0.002437
00082,0.00268,0.04356,0.003128
00097,0.001896,0.040462,0.004161
00107,0.00274,0.047997,0.002772
00112,0.003602,0.048639,0.003112
00118,0.003456,0.047545,0.003168
00147,0.002544,0.046385,0.002836
00149,0.00258,0.044721,0.002388
00150,0.002391,0.046707,0.002345
00159,0.002071,0.041071,0.002133
00177,0.002227,0.045669,0.002287
00196,0.00259,0.061472,0.003102
00202,0.002159,0.048919,0.003198
00210,0.001968,0.03783,0.002347
00215,0.002288,0.042636,0.002629
00232,0.002143,0.040227,0.002608
00242,0.002314,0.037055,0.002772
00255,0.001364,0.036922,0.002245
00274,0.001546,0.03563,0.002415
00284,0.001541,0.032793,0.002158
00290,0.001521,0.037708,0.002541
00306,0.001547,0.03602,0.002545
00320,0.00131,0.036697,0.002272
00325,0.001948,0.026348,0.003298
00334,0.00213,0.028802,0.002637
00339,0.002111,0.025551,0.001739
00349,0.001968,0.036307,0.003639
00353,0.001914,0.036692,0.00369
00370,0.00192,0.037843,0.003714
00385,0.001911,0.036076,0.003604
00386,0.003521,0.036984,0.001721
00388,0.002907,0.030897,0.002808
00389,0.002383,0.033107,0.002281
00390,0.002265,0.03379,0.0019
00400,0.002965,0.03598,0.001439
00405,0.003618,0.037712,0.001591
00409,0.002007,0.033593,0.00162
00419,0.002143,0.028954,0.001635
00421,0.001945,0.03458,0.002084
00434,0.001882,0.033287,0.001696
00441,0.002186,0.029269,0.001407
00443,0.002066,0.026474,0.002047
00449,0.00215,0.028813,0.001344
00453,0.002026,0.031423,0.001747
00461,0.002036,0.03125,0.00208
00479,0.002005,0.033365,0.001546
00489,0.002131,0.027544,0.00167
00497,0.002244,0.031242,0.001643
00512,0.002035,0.041248,0.001605
00525,0.002111,0.035787,0.001506
00527,0.002082,0.036483,0.001888
00537,0.002393,0.0317,0.001419
00555,0.002571,0.033628,0.001533
00572,0.002082,0.030197,0.001448
00587,0.002004,0.025915,0.002267
00606,0.001911,0.02673,0.002272
00621,0.001773,0.025048,0.001998
00633,0.001892,0.028418,0.001307
00643,0.002075,0.027213,0.002063
00652,0.002029,0.026149,0.001593
00653,0.003155,0.029636,0.001368
00661,0.002416,0.027417,0.00144
00671,0.002054,0.028105,0.001263
00676,0.002429,0.03025,0.00146
00677,0.0029,0.031662,0.00146
00687,0.002942,0.031567,0.001594
00697,0.002805,0.028681,0.001309
00712,0.001952,0.035363,0.003474
00716,0.001835,0.03503,0.003294
00719,0.006112,0.096728,0.005742
00725,0.005768,0.093987,0.005355
00726,0.006204,0.095408,0.005461
00738,0.00323,0.067969,0.004309
00760,0.002298,0.059003,0.00332
00762,0.002495,0.063525,0.003336
00769,0.002566,0.06039,0.003351
00787,0.00237,0.03906,0.003468
00800,0.002514,0.045057,0.004649
00801,0.001705,0.05359,0.003553
00805,0.001638,0.045032,0.002965
00818,0.001633,0.046308,0.002981
00825,0.00207,0.031944,0.001749
00826,0.002074,0.032963,0.00201
00829,0.002107,0.0323,0.001943
00834,0.002196,0.03193,0.002
00857,0.002127,0.029558,0.002343
00867,0.001804,0.0581,0.003391
00871,0.001771,0.05845,0.003288
00878,0.001776,0.057411,0.003257
00896,0.002234,0.04291,0.004151
00910,0.00224,0.043547,0.004078
00916,0.002421,0.043472,0.004155
00922,0.00244,0.041434,0.003988
00926,0.00192,0.043092,0.003808
00950,0.001943,0.035739,0.003874
00958,0.001736,0.037885,0.003383
00965,0.001788,0.039657,0.003434
00976,0.002012,0.034249,0.001866
00994,0.00212,0.033219,0.001825
01017,0.002089,0.033312,0.001424
01034,0.001863,0.033966,0.002555
01043,0.001928,0.034919,0.002704
01079,0.00309,0.036294,0.001643
01093,0.002964,0.038915,0.001558
01101,0.002618,0.036119,0.001458
01115,0.002232,0.027285,0.001912
01122,0.002405,0.027742,0.002246
01136,0.002585,0.028681,0.002555
01147,0.002511,0.028707,0.002537
01156,0.002265,0.026871,0.002373
01165,0.002529,0.026948,0.00245
01186,0.002482,0.043409,0.002917
01204,0.002603,0.041367,0.003241
01212,0.00194,0.041683,0.003452
01223,0.002548,0.044181,0.003134
01227,0.00224,0.036719,0.001492
01242,0.002266,0.030258,0.001204
01249,0.002336,0.030213,0.001316
01267,0.001897,0.02926,0.00235
01270,0.002729,0.034091,0.001765
01299,0.002505,0.031145,0.001506
01301,0.008385,0.072039,0.002129
01320,0.008299,0.072222,0.002162
01331,0.008223,0.072839,0.002177
01345,0.001334,0.033158,0.003362
01388,0.001339,0.032046,0.003369
01393,0.034603,0.145048,0.010782
01406,0.036219,0.147867,0.011007
01413,0.035798,0.147454,0.011001
01415,0.035768,0.147431,0.010974
01422,0.036952,0.147713,0.011087
01432,0.022539,0.128062,0.008956
01437,0.013808,0.10578,0.007705
01442,0.005812,0.076393,0.006374
01443,0.004495,0.075863,0.006552
01454,0.002543,0.02786,0.002043
01462,0.002584,0.028628,0.002076
01471,0.002459,0.027651,0.002029
01482,0.002536,0.02652,0.001967
01486,0.002523,0.028258,0.002091
01492,0.002565,0.027428,0.002014
01494,0.005917,0.094358,0.004446
01505,0.006518,0.101001,0.004716
01511,0.005742,0.100433,0.00479
01527,0.005661,0.099148,0.004595
01531,0.001741,0.033576,0.003994
01547,0.001793,0.035031,0.004082
01562,0.001778,0.035307,0.004079
01579,0.001798,0.036991,0.004229
01584,0.002082,0.047283,0.00321
01587,0.002146,0.048449,0.003112
01599,0.002383,0.047111,0.00295
01608,0.00219,0.049619,0.003015
01640,0.002059,0.051046,0.002964
01659,0.002211,0.051632,0.00306
01670,0.002054,0.05756,0.003112
01673,0.002052,0.055169,0.002861
01707,0.002333,0.05989,0.002899
01710,0.001752,0.038365,0.003951
01724,0.001771,0.038382,0.003915
01729,0.001774,0.037975,0.003831
01741,0.001804,0.039277,0.003967
01760,0.001498,0.032092,0.00348
01773,0.001537,0.032707,0.0035
01779,0.001522,0.032825,0.003509
01783,0.001523,0.03299,0.003525
01789,0.001507,0.033067,0.003514
01803,0.00093,0.036668,0.003254
01806,0.000945,0.03755,0.003183
01807,0.000987,0.037143,0.003247
01811,0.000945,0.037935,0.002946
01828,0.001051,0.037355,0.002948
01845,0.001534,0.02856,0.003187
01856,0.001592,0.030059,0.003172
01861,0.001584,0.029911,0.003089
01867,0.001428,0.035493,0.00355
01899,0.001336,0.034233,0.003428
01911,0.001331,0.033603,0.003338
01912,0.004277,0.042752,0.002453
01913,0.004268,0.043877,0.002412
01919,0.004286,0.04301,0.002364
01929,0.004259,0.043807,0.002395
01937,0.001672,0.058577,0.002693
01947,0.001649,0.059594,0.002768
01954,0.001712,0.060418,0.002822
01963,0.001682,0.060843,0.002854
01977,0.001741,0.059957,0.003427
01981,0.001778,0.060523,0.003455
01985,0.001937,0.042276,0.003765
01994,0.001776,0.035318,0.005385
01996,0.001481,0.033725,0.005387
02002,0.001729,0.02981,0.005184
02011,0.001444,0.028034,0.004897
02033,0.0017,0.030072,0.005088
02045,0.002178,0.046491,0.005111
02073,0.002228,0.049639,0.00518
02083,0.002326,0.051453,0.005237
02090,0.002336,0.053188,0.005448
02102,0.002132,0.030753,0.005154
02119,0.002655,0.032901,0.005696
02120,0.003176,0.035391,0.005343
02142,0.002321,0.039065,0.004646
02163,0.001526,0.033195,0.003012
02180,0.002104,0.045237,0.003218
02195,0.002405,0.047742,0.004002
02213,0.003428,0.052076,0.004452
02233,0.00197,0.033849,0.003396
02236,0.001668,0.033101,0.003226
02249,0.001619,0.033181,0.00317
02278,0.001888,0.041584,0.003635
02296,0.002487,0.044508,0.004115
02310,0.001966,0.037639,0.004095
02317,0.003047,0.043195,0.004299
02322,0.002881,0.036696,0.004042
02337,0.001686,0.029937,0.004571
02352,0.001405,0.027546,0.003795
02369,0.002263,0.033743,0.003778
02394,0.0022,0.028159,0.004169
02405,0.001358,0.026829,0.003936
02440,0.001484,0.032105,0.003795
02450,0.001573,0.034202,0.003454
02455,0.002055,0.038068,0.003628
02464,0.002051,0.038935,0.003542
02473,0.002527,0.043261,0.003632
02478,0.003557,0.042702,0.003679
02486,0.002146,0.036765,0.003153
02495,0.00174,0.035173,0.003165
02522,0.001564,0.035046,0.002894
02527,0.002613,0.058861,0.004468
02530,0.002385,0.044482,0.003299
02533,0.001447,0.041461,0.001818
02544,0.002318,0.028881,0.001421
02556,0.001387,0.02978,0.002949
02572,0.0014,0.027699,0.003164
02606,0.002148,0.031776,0.003723
02611,0.001567,0.032567,0.002974
02624,0.003674,0.03903,0.004961
02641,0.005079,0.039089,0.001655
02651,0.0058,0.042802,0.001484
02658,0.00728,0.047236,0.002823
02667,0.000537,0.031784,0.006496
02709,0.006476,0.057155,0.005887
02720,0.002218,0.042632,0.003341
02731,0.00156,0.039868,0.003037
02739,0.003199,0.055084,0.003757
02754,0.003513,0.073658,0.003359
02757,0.002035,0.02618,0.001066
02762,0.002042,0.028392,0.001611
02778,0.001926,0.030578,0.00157
02786,0.004108,0.059527,0.00371
02816,0.003159,0.053672,0.003368
02821,0.002944,0.050417,0.003477
02846,0.003947,0.06525,0.003681
02860,0.007659,0.075963,0.004421
02869,0.0025,0.057046,0.003969
02896,0.00637,0.055237,0.002901
02956,0.005622,0.065354,0.004847
03019,0.001915,0.04436,0.002956
03045,0.003656,0.054429,0.00375
03100,0.003031,0.044476,0.004428
03109,0.002129,0.039197,0.003495
03143,0.002056,0.038762,0.003492
03173,0.00451,0.047763,0.004179
03219,0.003334,0.042268,0.004701
03260,0.003393,0.046853,0.004532
03281,0.004822,0.059236,0.004957
03289,0.004388,0.071441,0.005078
03354,0.002761,0.073267,0.004723
03375,0.005264,0.078267,0.005655
03381,0.004509,0.061434,0.004791
03409,0.003039,0.04609,0.004095
03417,0.008301,0.07462,0.006028
03433,0.002396,0.047214,0.003996
03438,0.002735,0.048904,0.003992
03462,0.004163,0.059548,0.00396
03473,0.007362,0.069557,0.003201
03575,0.003696,0.055645,0.004227
03589,0.002468,0.036156,0.003603
03600,0.003914,0.056974,0.004501
03640,0.004019,0.065099,0.004306
03708,0.003792,0.054461,0.00425
03719,0.002563,0.047672,0.003698
03769,0.003054,0.055693,0.003532
03813,0.003993,0.060102,0.003041
03836,0.001863,0.043387,0.003047
03878,0.002944,0.031427,0.002645
03989,0.00385,0.035867,0.003041
04006,0.001733,0.025522,0.002073
04018,0.00206,0.030897,0.00375
04026,0.002061,0.030551,0.003858
04053,0.001573,0.031882,0.001636
04092,0.001771,0.031373,0.001817
04160,0.0029,0.051775,0.003346
