name,SF,AG,EOR,ECS,OBR,RGB_SSIM,CIEDE2000,Colorfulness
00000.png,17.023024374789145,9.753722190856934,0.6207218389782889,1.482252328793606,0.984433818292807,0.824539510482898,3.899237632751465,26.948899260558512
00011.png,16.985060057768305,9.700885772705078,0.6209317389454432,1.4933046389287423,0.9851167760647229,0.8511589409667981,3.652421236038208,27.142660489776105
00025.png,12.663201945803152,6.475406169891357,0.6236444966564251,1.565298175061722,0.9866103606468408,0.8252787217537483,3.5727221965789795,12.935353087830837
00031.png,13.2019510142848,6.648433685302734,0.6256550688328041,1.5897361480259473,0.9888150195885556,0.803058705471118,3.988682508468628,12.380596713879488
00033.png,16.895428462644404,9.472002029418945,0.6276283697047497,1.519075038658745,0.9847824612567398,0.8605148706324507,3.577559232711792,25.315022584857925
00042.png,14.526931497404377,7.353915214538574,0.629538695061316,1.5937037357359802,0.9882236071252696,0.8526367240991597,3.4318485260009766,14.341449167869806
00061.png,13.046863203690405,6.101739406585693,0.6299457095510007,1.6404418842727704,0.9921570289977955,0.8439655073813542,4.026734352111816,10.242968685622113
00071.png,12.61214106356353,5.802915573120117,0.6200074029966043,1.6319258391483726,0.9927700414958885,0.847328698055141,4.28333044052124,13.36617524659512
00082.png,12.38405980396754,7.35338020324707,0.6009951165576338,1.5141795602605863,0.9872176560896375,0.9299698318850877,2.3144490718841553,13.53690930025631
00097.png,10.672639215604155,5.953836441040039,0.6096288502248444,1.5608158472456222,0.9892084193008822,0.9708114867345007,1.7762948274612427,11.366629420273926
00107.png,14.40104488540898,8.559513092041016,0.6000226847040719,1.5092348419284223,0.9908429567075342,0.9493784827087266,2.12638521194458,17.26782954948689
00112.png,14.157656915181885,7.930348873138428,0.6196077180672939,1.512815033048894,0.9863681448638933,0.8593769757496329,3.362046957015991,14.182709344114608
00118.png,14.678706723283797,8.030139923095703,0.6178618266084366,1.5124434043852062,0.9868578356975097,0.8126227553721309,3.5871963500976562,26.70813142161272
00147.png,14.647076946325882,7.6443023681640625,0.6185102442191289,1.6045423094143025,0.9912743368835222,0.8550901415981861,3.913818359375,12.474056718815033
00149.png,14.980577607936706,8.737634658813477,0.6062428061292554,1.5042839408185278,0.990106899738049,0.8552446526337657,4.094932556152344,28.886700822816156
00150.png,15.47755449485715,9.178245544433594,0.6003210667781994,1.4882151793586,0.988333940940576,0.887493440818803,3.345242500305176,27.06674970771264
00159.png,13.19738673780983,7.906187057495117,0.6068219265977891,1.4494844101509614,0.9841653520601157,0.8583712998471604,3.690779685974121,27.80291567044663
00177.png,14.935199913315051,9.380159378051758,0.5925365577085753,1.4229386123304324,0.9866964187234332,0.8903281938918711,3.156102180480957,18.956549815076954
00196.png,17.360776140592154,10.878448486328125,0.5953805346839689,1.4992875318066157,0.9899458295538356,0.9209911686649138,2.5347464084625244,10.111242425506983
00202.png,14.013463799887989,8.2701416015625,0.6041761332900574,1.5169566124428207,0.9903841261765454,0.9002033002737387,2.922057867050171,21.763870320749973
00210.png,13.550967683088938,7.603518486022949,0.6135075418521007,1.5418510718391683,0.9854170552625778,0.8017190732483733,3.9082908630371094,21.564175570021785
00215.png,13.70056602105082,7.827942848205566,0.6126725637049639,1.5312122555689758,0.9850266654231281,0.8204543823494895,3.873945474624634,26.99138541931655
00232.png,12.520610536630683,7.274797439575195,0.6111152927008261,1.5142073360036237,0.9879317802108334,0.8510829477612938,3.5671632289886475,27.98487864153532
00242.png,11.346790524685371,5.956429958343506,0.6232613218322004,1.589685379646644,0.9865047118997735,0.845483083772827,4.272338390350342,19.30627006472519
00255.png,8.673562314452084,4.276281356811523,0.5894208633865375,1.5693641471278887,0.9859054233479726,0.9497709738086009,2.123408555984497,7.718069458865087
00274.png,9.014005616645875,4.639801979064941,0.5921232179380811,1.5767018973640647,0.9885515308505669,0.9271326438170231,2.3116202354431152,7.630940335192145
00284.png,8.892156011692238,4.5568084716796875,0.5934255050543646,1.5638939320326284,0.9869189005768578,0.9178680955095109,2.4773976802825928,7.221832032482137
00290.png,8.809446542517907,4.538609981536865,0.5953199304612309,1.5653589925813824,0.9872277185682137,0.9042144561977866,2.5322675704956055,7.27141539164789
00306.png,8.702226469916676,4.515223026275635,0.6003637652789124,1.5662877534501805,0.986855272307875,0.8958535291710042,2.7092902660369873,7.214807853122544
00320.png,10.383747743917727,5.667424201965332,0.5974238846852207,1.5826343244387107,0.9882907555472652,0.9453336639300902,2.180858612060547,9.331769222677899
00325.png,5.435216505562118,3.533815383911133,0.5674327649182352,1.3974081084381487,0.9601932909658593,-0.004908823007696035,18.03087043762207,16.6903182682989
00334.png,4.950327165709972,2.9517295360565186,0.5610491767208186,1.475050484808312,0.9697333163200205,0.3463151111788871,15.492884635925293,16.807743735698953
00339.png,6.880812276637354,3.3578743934631348,0.56920503930856,1.486103067421777,0.972610658211277,0.7238167847836848,5.724547863006592,19.82129513421851
00349.png,8.733557252872096,4.431056022644043,0.6276365276094067,1.5437822752319743,0.9623198236391386,0.7617498942147026,5.889998912811279,14.177212687883411
00353.png,8.74016136096435,4.438969135284424,0.6233940556088207,1.539991322324596,0.9644077593974736,0.7566502229415543,6.002344131469727,14.523929998545896
00370.png,8.986829741118884,4.607954025268555,0.624459973968392,1.5341102754334581,0.962530842738072,0.7735286431699618,5.670023441314697,15.678671487064399
00385.png,8.075374215522398,4.259427070617676,0.6245708304939402,1.5407311397779229,0.9629252739052271,0.7052934551470469,6.394145965576172,13.785261367673298
00386.png,10.885707509824112,5.444931983947754,0.5967165809004085,1.6101138431890367,0.9916035519519621,0.7114465443151193,4.737661361694336,21.311684842630136
00388.png,8.091197966091196,4.01094388961792,0.5780627596204212,1.555736275614519,0.9819944480759273,0.6456781341255222,5.277539253234863,12.000224617639594
00389.png,9.043119786164866,4.479270935058594,0.5930343585163944,1.5689670145540553,0.9836112830339051,0.709085015629119,4.8920769691467285,18.66471765417834
00390.png,9.503466880350231,4.502771854400635,0.618668964832299,1.5984396816175945,0.981409168081494,0.6612333593897347,5.660852909088135,25.944421505473972
00400.png,13.788871517721846,7.422243595123291,0.5771111385367631,1.588385573316641,0.9941155522393121,0.8271635833778985,3.959233522415161,32.54791590317186
00405.png,13.661244220450135,6.516443252563477,0.5997192554165395,1.6573612969189528,0.9941046738485029,0.7432600644986384,4.095183372497559,18.959960197450037
00409.png,11.923761692310558,5.763920783996582,0.6098207551008272,1.6580732492990071,0.9921388186155492,0.6957490784246017,5.694754123687744,16.91376947279879
00419.png,11.071838113774199,5.555696964263916,0.5993207317933724,1.5777474708408818,0.9817313645500267,0.5707467600990391,8.536530494689941,21.366089964450325
00421.png,11.61166040548584,5.773584842681885,0.6100057543877206,1.6440052338694486,0.9858768077855581,0.7974567031373452,4.498039722442627,17.721125977412306
00434.png,10.920139526886848,5.471435546875,0.5924287253250793,1.62930902795458,0.987117074329138,0.7676002453372414,4.817687511444092,19.65759345773393
00441.png,10.874770751228548,4.986325740814209,0.5912641765023904,1.6262827299751599,0.9889785425204266,0.5697937298346124,8.015792846679688,16.097741712807597
00443.png,11.9167596225983,6.045873165130615,0.5848802645401585,1.5948057496871852,0.989279504685976,0.5229935156586484,11.958224296569824,24.41979683595608
00449.png,8.80566889421358,4.021565914154053,0.5900950791405754,1.5586599610144432,0.980205160403533,0.5629342818567977,8.282225608825684,10.704250138711558
00453.png,10.227360217375592,4.914147853851318,0.6093680885171742,1.6025044467435567,0.9862149116481875,0.5741847882632226,5.677299976348877,12.686841401966888
00461.png,9.928590158501656,4.66096830368042,0.6071126616692597,1.6020643897861664,0.9826427201276545,0.6292474746789122,5.339980602264404,11.976853299645974
00479.png,13.473348303933141,6.46426248550415,0.591435478231514,1.657921122144126,0.9908950512524608,0.7312058198711298,6.127010345458984,17.266769821081574
00489.png,10.7674205679304,4.846454620361328,0.6225883442805401,1.657294386339599,0.9888397593122237,0.5194001799499313,8.6504487991333,13.935317659203008
00497.png,11.872952466251505,5.380732536315918,0.6013260145553225,1.6340617889158686,0.9873366117155451,0.5501459510375609,8.842581748962402,15.266938703565895
00512.png,14.41801615507662,8.09161376953125,0.5816903787512854,1.5799402249456476,0.990699291213077,0.8945809141299677,3.1345651149749756,16.380776607930887
00525.png,13.415089434131524,6.8487653732299805,0.5942967576212863,1.6507078834793236,0.9918452896152606,0.8510572532441291,4.326019763946533,21.834451496607333
00527.png,12.64068576855454,6.622310161590576,0.5878969353075921,1.610813726288366,0.9902917564792342,0.8164955949067707,4.318757057189941,20.032008862010215
00537.png,12.132304537116369,5.690237522125244,0.6540568033305938,1.6498036662529756,0.9847526330964536,0.7651877780759896,5.10701847076416,12.646857032726412
00555.png,13.72911009856817,6.635891914367676,0.6390614216701174,1.6418569587563225,0.9877139877394246,0.7954296678126545,4.827971458435059,14.28579337126071
00572.png,11.889392255064607,5.681787490844727,0.6427480865685521,1.6449281640682734,0.9868909729170553,0.6380329268485802,6.076328754425049,15.08149405779792
00587.png,7.732091782229548,3.7919774055480957,0.6253018039533864,1.5573889969564303,0.980870818671302,0.3793670370209999,11.858111381530762,8.828533363893772
00606.png,8.323694786417086,4.036270618438721,0.660129418303838,1.6124531859060915,0.973898374052661,0.2867051438508544,12.751373291015625,9.771507455590266
00621.png,9.141678997131867,4.224401473999023,0.6552480634107742,1.6429236949426962,0.9806218021723979,0.3802972470340802,12.489673614501953,8.34688511373553
00633.png,9.80404785547865,4.56185245513916,0.6352826048277089,1.6481867955240102,0.9812039969097809,0.6243469216646574,6.501048564910889,10.321089466248143
00643.png,7.887977049432659,3.921020269393921,0.6279350817389476,1.5787918097418288,0.9763905019455583,0.4459583971979734,9.993481636047363,25.060864543847835
00652.png,7.350519146481778,3.546921730041504,0.6223295620319642,1.52020081281377,0.9744285094915456,0.7364200991327117,5.843051910400391,25.18654387559831
00653.png,9.240948427732315,4.481780052185059,0.5934835186565461,1.5975343711522447,0.9901194326313377,0.8586051331027805,5.325993061065674,26.42001069702503
00661.png,8.749165973201158,4.530468940734863,0.62266859797724,1.6122437503195133,0.9828622433799464,0.5221216041196343,8.09791088104248,22.474354901060927
00671.png,8.41230441737125,4.512866020202637,0.6001620641074044,1.5636818149419085,0.9807166046266551,0.7427719599109305,3.799854040145874,19.76062545318129
00676.png,8.535346655983767,4.329954147338867,0.6137635525953377,1.6398311334910098,0.9869654078716386,0.8033953622919071,3.287447214126587,23.101333491291538
00677.png,9.818697897383654,5.255789279937744,0.5890764450118636,1.6187068328363534,0.9914673452078032,0.837992903211313,4.766703128814697,21.905152551875734
00687.png,10.25568545233335,5.231061935424805,0.5958421348570734,1.6452263661696307,0.992108545681338,0.7599900176021346,6.954967021942139,21.93802827762331
00697.png,8.980342370343573,4.585179805755615,0.6108282087694166,1.6067248036349189,0.9874640588290176,0.8682982177611165,4.915091037750244,29.922169364131047
00712.png,8.903536362318725,5.009400367736816,0.6057889950543769,1.508622619241413,0.9845867884333014,0.9272579439351437,3.684443712234497,24.207506344866854
00716.png,5.208920270899767,2.917097330093384,0.5451558320717114,1.3315230200125014,0.9094529484500917,0.25557488573534254,9.356465339660645,8.46336886853495
00719.png,23.393203033596325,17.765626907348633,0.5890220942215345,1.277758268826562,0.9586350148367953,0.8852814205147416,5.7778000831604,24.712931621779116
00725.png,23.217097668439308,17.527570724487305,0.5909358285527162,1.2826780507909694,0.9585916233474386,0.8883430134861792,5.232447147369385,24.304264131097256
00726.png,23.41498531243946,17.602977752685547,0.5903665517377077,1.2841976213004507,0.9595543345543346,0.8862250991179006,5.2591328620910645,24.210961360823216
00738.png,20.646342234880628,14.72656536102295,0.5985113634626847,1.3096718076015301,0.9575081389039609,0.9213792985846277,4.075270175933838,25.272331984772066
00760.png,18.9303050112122,12.201372146606445,0.5974290985960239,1.3763821678090382,0.9831956997269937,0.9674403967366333,2.0551559925079346,24.405787321441444
00762.png,20.05107178669765,13.334813117980957,0.5999632065492342,1.3591013432007777,0.9854051120270018,0.9438975172099214,2.364753007888794,28.756376960016386
00769.png,19.540722364466966,12.713357925415039,0.5967501349789067,1.3694989749563784,0.9856222448287555,0.9592987526747319,2.251309633255005,28.446645026776643
00787.png,12.507710407962291,9.53664779663086,0.5793118689319664,1.4085658649974002,0.9758707226913556,0.2810753660239285,18.811201095581055,23.13407007604663
00800.png,12.828515200636247,9.863851547241211,0.5974962667384759,1.396552074961085,0.9617476139978791,0.4204471926869096,16.476911544799805,24.954194398371992
00801.png,15.879118063250433,10.695268630981445,0.6059164233994669,1.3725115205029348,0.997337855023315,0.9762950492404694,1.9828768968582153,9.735250187960348
00805.png,15.918486277446044,10.697671890258789,0.6043894985414641,1.3732338111011047,0.9976323025221494,0.9777195294415821,1.9620112180709839,9.88184885365879
00818.png,15.963930723110533,10.769512176513672,0.6044219515661593,1.367432490181315,0.997270191680019,0.9779107131994599,2.0149028301239014,9.211129712386857
00825.png,8.859665541234747,4.472375869750977,0.623358390125479,1.6332625214478307,0.9818473309638728,0.4759040970217938,6.873633861541748,6.931895742963198
00826.png,9.753398453702998,4.80142068862915,0.6218958732753951,1.620866901110981,0.9810376702454248,0.5214867461332325,8.090693473815918,10.151515838985087
00829.png,9.688185172280757,4.771928310394287,0.6147067994997862,1.609553066079789,0.9784148855836211,0.5424698347461746,7.797595500946045,10.894970735712413
00834.png,9.159899351372118,4.542173385620117,0.6039779195805869,1.6089716462124417,0.978565491034319,0.544122221484954,8.063508033752441,10.896699482778745
00857.png,7.959370320816648,3.940372943878174,0.5946555512472534,1.6099745165334265,0.9773196401722688,0.41661875312303853,10.140412330627441,10.34318995871159
00867.png,18.414059608429284,12.81512451171875,0.6129253726664263,1.305154146257102,0.9874600442586673,0.9431713873074341,2.401463747024536,29.99938827842415
00871.png,18.675274200997066,13.149149894714355,0.6118466746341128,1.29346449443803,0.9868336272381986,0.9451469043058625,2.3397138118743896,30.148313752361595
00878.png,18.49216328998895,13.021045684814453,0.6101684334069996,1.3013566926610405,0.9860935631852524,0.9473156886519739,2.3707997798919678,30.35441788492978
00896.png,12.032315845644469,6.877553462982178,0.6028892416355962,1.5183172824997584,0.980509236484538,0.875906945423289,3.556314468383789,26.54250590950226
00910.png,12.343778899292962,7.065777778625488,0.5980243717795306,1.507689254381501,0.9807170016295491,0.8696686853365744,3.697638511657715,27.111354772212877
00916.png,11.940843435526167,6.584536075592041,0.6151690687709687,1.5488528561540653,0.9781201482977153,0.8606685919113649,3.800431966781616,28.013519481787082
00922.png,11.46372403985525,6.396411895751953,0.6153094595571026,1.530650035101285,0.9796297553195099,0.8663826519475343,3.789963722229004,30.94198087916123
00926.png,11.509103311327623,7.0720624923706055,0.5920597693367828,1.4722205265942294,0.9815740135904375,0.8553196260082191,3.724987030029297,34.90720344900274
00950.png,7.873089472494029,4.443130016326904,0.5933865240049808,1.4884288136542545,0.9707401178888719,0.7702978767174166,5.731513500213623,24.200379283660904
00958.png,9.906658723095568,5.776340961456299,0.6026965260830602,1.432372810548089,0.9741833061668025,0.8972115776809453,4.005229473114014,29.57658649035487
00965.png,9.974298440600956,5.817934989929199,0.6032979800803991,1.4198597309727663,0.9720066166178903,0.8960750487093058,3.755690336227417,29.477669166769147
00976.png,11.236823573664413,5.500161647796631,0.6456967226673901,1.626545158334182,0.9798268449660389,0.6343060932273645,5.404670715332031,8.252555201834296
00994.png,11.307730901293104,5.5442304611206055,0.6477059163384977,1.6251738277767873,0.9805436240471299,0.635292890866429,5.701451778411865,9.06511500057091
01017.png,10.637550085829021,5.728452682495117,0.6245440575906993,1.5661815661815661,0.9734534290027649,0.5547082631671731,6.232011318206787,9.910760630767783
01034.png,9.538035221127698,4.531347274780273,0.6103230397861148,1.611254163856702,0.9866601000280214,0.847422437137868,3.5880725383758545,7.7400995758691655
01043.png,10.560503802157397,5.012110233306885,0.6280623681002504,1.6286543592150302,0.9889908568132856,0.8707913834000672,3.124569892883301,7.552493261821739
01079.png,10.269242324642352,5.1529436111450195,0.5978614771016652,1.5517169424326787,0.9800156075051742,0.7307997778510419,5.643484115600586,15.064629717085316
01093.png,12.768404206863975,6.681582927703857,0.6087202594064545,1.5616901494637967,0.9879871478589656,0.7494630794620164,4.898086071014404,7.939509899715539
01101.png,11.989091991104532,6.157510280609131,0.6144849090646197,1.586898749643628,0.9871378547264357,0.7010038621443511,4.97661828994751,12.253206531720322
01115.png,9.596365444005093,4.205868244171143,0.6289992779198693,1.676128491305926,0.9822551928783383,0.6410345238257441,6.488826751708984,6.677998715746401
01122.png,9.329269335375932,3.9771792888641357,0.613248923642314,1.654203515056532,0.9791298886474742,0.4652531985206065,8.547472953796387,7.913697547919158
01136.png,9.426302906026043,3.658672571182251,0.5806756429790545,1.6050868917069983,0.9763512652582758,0.2791167403557539,10.227465629577637,7.585270768529736
01147.png,8.54987045719603,3.417410373687744,0.5788081752773092,1.5857744870632933,0.9728639126490959,0.2291344340670346,10.26877498626709,6.634309586299884
01156.png,7.589010889003114,2.995410203933716,0.551485357345664,1.452123852497277,0.9345260557823596,0.3839704271269981,7.152591705322266,13.138028249950894
01165.png,8.611083253040325,3.3941800594329834,0.5741049031888277,1.5346881676671076,0.9679561397534564,0.4974451247768272,6.813873291015625,23.606454827832717
01186.png,13.713081563071066,7.663216590881348,0.6076606368534011,1.5092430562620816,0.9884404338865754,0.8812481816553753,3.127094268798828,29.84786186840175
01204.png,13.580323360186336,6.835130214691162,0.6160023956445144,1.5825069144140702,0.9895470974529534,0.8280784200233257,3.133699417114258,12.163807874484075
01212.png,12.11708427414954,6.129656791687012,0.6129122003632735,1.5752899097152873,0.9852161595942289,0.7974328596562188,3.4347238540649414,15.052771057652144
01223.png,13.633025490318786,7.223435878753662,0.6150949631555032,1.5585813032545734,0.9897656355989689,0.8607368581732339,3.346832275390625,29.32615588044203
01227.png,11.27697415283626,6.086561679840088,0.5919969574312026,1.5712343900340582,0.9930679880195827,0.9527997700441264,2.1242544651031494,27.189044110406847
01242.png,9.264959224962254,4.338726997375488,0.5966410274504269,1.6012547783412567,0.987801774595796,0.9338743183173248,2.569183111190796,23.89055787593342
01249.png,8.17416957017332,3.625311851501465,0.5935511623876606,1.545719286752513,0.981263524120667,0.9190777285788881,2.682915449142456,26.297995577719252
01267.png,7.713755408050552,3.6623592376708984,0.6009830542565495,1.5215333697110016,0.9711872026056201,0.04474505269893375,14.161712646484375,16.03868204474297
01270.png,10.641544004398963,5.44217586517334,0.5762656447446324,1.5845534052372574,0.9887547951250976,0.9026458621885048,3.1663808822631836,19.281317918348947
01299.png,11.225335630028646,4.6277947425842285,0.5999629480964584,1.6918719851671498,0.9942700463489584,0.8314452071854546,4.336851119995117,14.80785418360611
01301.png,27.2218702764079,21.79650115966797,0.590132539748147,1.1690437601296597,0.9840645136396959,0.9516637048206512,2.571211814880371,39.644450250910026
01320.png,27.208684667563997,21.786834716796875,0.5890252628102812,1.1681135264022964,0.9842972336895713,0.9531922092449978,2.5366370677948,39.61563224324693
01331.png,27.12839378038264,21.695314407348633,0.5870836128643602,1.1633829555715047,0.9839493788100934,0.926560028219623,2.8227627277374268,39.18670991295929
01345.png,9.55604167002956,5.452085494995117,0.6726792512526696,1.5938048728349883,0.9687923901247966,0.8275853533607266,3.483729124069214,34.9115512346028
01388.png,9.61418806151717,5.484957218170166,0.6652792006017269,1.592138942461822,0.967947521173136,0.8118930949489683,3.731454610824585,34.43741799884141
01393.png,31.77530418419993,24.21133041381836,0.5866504123773403,1.281887080366226,0.9978548414448024,0.975002303546839,2.6305994987487793,17.003174940379154
01406.png,31.787090934232285,24.210996627807617,0.5869606458548513,1.28144470949661,0.99864344700117,0.975400890100626,2.590963840484619,16.95019726371599
01413.png,31.791515786392104,24.256683349609375,0.585611013421104,1.2785672868579798,0.9987792472024415,0.9770846888093723,2.5332224369049072,16.353894694388007
01415.png,31.781723415867955,24.2396297454834,0.5859306636836835,1.2803333231586338,0.9984993386916268,0.9785089077191635,2.4934122562408447,16.320767793583283
01422.png,31.810266399346553,24.25197982788086,0.5856258638302987,1.2816376981886435,0.9984825107241561,0.970183039659851,2.7259628772735596,16.953749970820414
01432.png,28.003384619162897,20.005041122436523,0.5955073973236854,1.3548943312733654,0.996134446657907,0.9532492086698521,3.0031726360321045,10.63671855640999
01437.png,22.894376688944586,16.1351375579834,0.605421975284989,1.3763736822825512,0.985959081235533,0.8943897995626711,4.1957221031188965,8.955568839310347
01442.png,16.03551638004667,11.479874610900879,0.6121532001113137,1.3626022546904888,0.9503615846989902,0.5692635354634444,6.576751232147217,5.593241941366814
01443.png,15.456979025660484,11.188304901123047,0.6102145262325057,1.3564263769354412,0.9515056972327727,0.4587209242128689,6.95263671875,5.197955741716129
01454.png,11.417322065268726,6.525338172912598,0.6424470116572716,1.5596752850162867,0.9654801163096277,0.2582038033647732,17.024078369140625,11.657155370301624
01462.png,11.337968270327067,6.457151889801025,0.6390203463514299,1.5610810149676644,0.9652997380312497,0.2450858828260051,17.073448181152344,11.502770852228853
01471.png,11.159342032407539,6.438671112060547,0.6402244661587903,1.566317888407913,0.9683983639109994,0.22944805078445016,17.149227142333984,12.380987181222244
01482.png,11.394115349906087,6.517982006072998,0.6417062915078399,1.5728287891755308,0.9686349367947739,0.24664887390602944,17.06932258605957,12.330351181643977
01486.png,11.461643698172347,6.56443977355957,0.6424823569535902,1.5688864662190387,0.9682476429491962,0.2410788673452721,17.18571662902832,12.507653614453417
01492.png,11.605647775226915,6.742412090301514,0.6329193568683632,1.534628210676374,0.9660730942084287,0.2562312130513757,17.06377410888672,12.349912617250062
01494.png,26.344067878871638,20.900320053100586,0.5827773004527479,1.1977641874081868,0.9710867224672664,0.8478480990577619,4.105240821838379,37.93381482221792
01505.png,26.49771507728468,21.173519134521484,0.5842686337489772,1.2052708333333333,0.9690419140882731,0.8466878779148966,3.720773458480835,39.33836010354468
01511.png,26.277299314993325,21.011371612548828,0.5846980505785913,1.2067298173216203,0.9717505295690523,0.8564938362789486,3.6117584705352783,39.75981412851553
01527.png,26.458392735240984,21.193401336669922,0.5842597117029074,1.201054617076043,0.968138489052489,0.8517788171384754,3.6112656593322754,38.73081286262881
01531.png,12.598196453580073,7.637002944946289,0.653282449351695,1.4926034449429744,0.9766174089240447,0.9700415350576659,2.5231986045837402,16.91527314856064
01547.png,12.569928163131008,7.62851095199585,0.6544253262671305,1.4892249277250702,0.9742941924544298,0.9719878113802052,2.5387566089630127,16.920321298239603
01562.png,12.561347681300916,7.647665023803711,0.65722109016811,1.4873944016987386,0.9737973457492906,0.967980479477323,2.687044858932495,16.835984521178894
01579.png,12.567670270477318,7.6464524269104,0.6587094868558846,1.4875282408255481,0.9731571568169265,0.9690556928868214,2.6374592781066895,16.837860753109474
01584.png,14.448483785330065,8.384283065795898,0.6566343704588702,1.520423384941222,0.9857459022648837,0.9744474540013187,1.8319908380508423,22.80265364240143
01587.png,14.530091156812261,8.654727935791016,0.6624963611376269,1.505006206882517,0.9863331920305214,0.9771274615890001,1.7937289476394653,22.87487903685574
01599.png,14.648303520153963,8.762821197509766,0.6405210552187449,1.4858450464025903,0.9895981688708037,0.9764564278266464,1.7974804639816284,23.80841015743498
01608.png,15.092194876362178,9.093696594238281,0.6487413011693483,1.4850352112676057,0.9853169321543926,0.9727394402423091,1.9135098457336426,23.48510354316492
01640.png,14.504322697993862,9.014358520507812,0.6407007874531161,1.4821970910977824,0.9825721918331001,0.9858003350879646,1.6116551160812378,24.715566331995205
01659.png,14.664627322236974,9.093667030334473,0.6439714771781229,1.4770597393082816,0.9845439053134035,0.9865009875880096,1.5971732139587402,24.741784175521435
01670.png,16.962246196902015,11.148415565490723,0.6112698154723208,1.4179313292056919,0.9866262996319476,0.96881540997784,2.0243189334869385,26.488702164796834
01673.png,16.965285564583546,11.023744583129883,0.6187556881383355,1.4297784673296539,0.9825104538630522,0.9799248949582388,1.7839241027832031,27.154014480925703
01707.png,16.998018138592993,11.23256778717041,0.6137446182695051,1.4162468834274666,0.9858382164632854,0.9842072727933605,1.6869844198226929,28.450190609166583
01710.png,13.936209292237184,7.954303741455078,0.7032870325470462,1.5922183897520426,0.9604239084357779,0.8452708384719689,4.128288745880127,19.619790514470846
01724.png,13.862968682762428,7.941608905792236,0.7031167004034052,1.591830921437473,0.9594034305288237,0.8449386919703396,4.195278644561768,19.65119332079065
01729.png,13.869259918120191,7.954744815826416,0.7031773325627227,1.5910892247584842,0.9596985444341773,0.8459317451736252,4.219753265380859,19.71809341419604
01741.png,13.920673266044261,7.977113246917725,0.7034802284236612,1.5918145194107594,0.9598969019720889,0.8483686873335099,4.242586612701416,19.68321980656993
01760.png,12.900602301945566,7.058724880218506,0.7035696832058874,1.6392510423401363,0.967865593540891,0.8794631039815402,4.0461039543151855,22.11227056535921
01773.png,12.868028260952238,7.051233768463135,0.7036885422501832,1.6393696219665475,0.9659384722328188,0.8901601070621804,3.89520001411438,21.549488571970997
01779.png,12.837238543531317,7.024693012237549,0.7041722658579878,1.6406377218694024,0.967868557815401,0.8895124083328486,3.8449976444244385,21.420588861663823
01783.png,12.833387305192456,7.029918670654297,0.7041650503570248,1.6410141624613381,0.9674173983119142,0.8880382486927433,3.848921775817871,21.373614245259827
01789.png,12.794187588639852,7.029330730438232,0.70346819772136,1.6419404556622057,0.9667802818334436,0.8841754491119637,3.93061900138855,21.16127381882835
01803.png,10.971146342027719,7.027294158935547,0.6194748203984853,1.3456656611076327,0.9709147845891061,0.9189908365646086,1.9996249675750732,21.409416494712303
01806.png,11.345535420863072,7.259149551391602,0.6200350622443378,1.3431442315903332,0.974180405533447,0.8882939079324429,2.318244695663452,21.471936618510995
01807.png,10.987924912430433,7.043913841247559,0.6230491342338014,1.344145682173851,0.9707527493363671,0.9213195913784175,2.1100306510925293,21.3670506315556
01811.png,11.789528390641982,7.757153034210205,0.6151213004248148,1.327481220122923,0.9727143533870204,0.8754483519766872,2.3265793323516846,21.947458452068588
01828.png,11.577396895662552,7.623187065124512,0.6196299503419513,1.3195542161824074,0.9725352779619282,0.9146664293229422,1.9811689853668213,22.07279277533826
01845.png,8.716473061626749,4.738215923309326,0.7775750850245094,1.7373045185840887,0.9793356180652166,0.6333014212900014,4.126911163330078,30.390628706875976
01856.png,9.23410589534077,5.093204021453857,0.7709115159837893,1.6997603821675493,0.9751866304716661,0.6475147443943542,4.29738712310791,31.47476054075202
01861.png,9.446699689273531,5.251587867736816,0.7616682907815241,1.6802680588630396,0.9707013181011874,0.6269501938486273,4.586398601531982,32.172113849447555
01867.png,9.213330952230478,4.706740379333496,0.6965486409800663,1.6887119768220211,0.9789441536516877,0.8348080447172709,3.366093397140503,7.564500112051315
01899.png,9.274355325735772,4.755395412445068,0.6999104253351827,1.6892121978324481,0.980278963945226,0.834207318931114,3.390787363052368,7.699208370863767
01911.png,9.289012710953601,4.76078462600708,0.701107970237515,1.6881219111217431,0.9796186552042797,0.8340436470785327,3.3632049560546875,7.76737576666502
01912.png,11.363853936053157,7.132974147796631,0.6329857474614089,1.372738971902481,0.9466181557914828,0.5702719307887948,5.789891242980957,23.974070782365338
01913.png,10.975077766133627,7.001054286956787,0.6248821654621358,1.3612658951278753,0.9431635388739946,0.598651083175046,5.347066879272461,24.01404418854338
01919.png,10.790017405497595,6.949560642242432,0.6278985996668017,1.3552396599757126,0.9460489489668314,0.6375181758453498,5.102978706359863,24.048527896615617
01929.png,10.786802087239383,6.945655822753906,0.62401129310538,1.356252010149019,0.9471363013290423,0.6199696492066652,5.167704105377197,23.890323246602353
01937.png,19.371430303406786,13.487029075622559,0.610894613055771,1.299847885919527,0.982502691567552,0.9656881334513258,1.766222596168518,22.774345112543884
01947.png,19.512002834889987,13.597403526306152,0.6087100049205548,1.2953909548761255,0.9808985239383123,0.9585308543457666,1.8483883142471313,23.25964114314506
01954.png,19.404123276440444,13.522370338439941,0.6094525966409623,1.2938249748176185,0.9808740621423424,0.9623282802965211,1.8301483392715454,23.46436661401858
01963.png,19.509778493132448,13.550704002380371,0.6095808159102181,1.2979902591949841,0.9805502564754759,0.9591167115777691,1.8404182195663452,23.554099610662032
01977.png,20.971277388023648,14.237981796264648,0.6242712046642902,1.3111954459203037,0.9892505934214988,0.987661179646374,1.520567774772644,21.45913668507578
01981.png,21.7623079304318,14.732122421264648,0.6248534921702373,1.3163083622452614,0.9898176330447905,0.9888522046806226,1.490999698638916,21.48139642021256
01985.png,14.62962805650407,8.60447883605957,0.6634041163907443,1.4440243635604992,0.984173162229328,0.9839080763710925,1.7328201532363892,16.570584527928208
01994.png,16.21793678042297,8.258538246154785,0.7008253563224158,1.6064696335264999,0.976296246057852,0.9081761547708599,4.210197925567627,16.268229235760106
01996.png,15.391604726888115,7.687215328216553,0.7114161475741461,1.6303122488223265,0.9795272785867546,0.8860923546939069,4.819038391113281,17.256245561772353
02002.png,14.632699590422252,7.008920192718506,0.6938980928872733,1.621897914217819,0.9783136004342369,0.9269972784888271,3.874680280685425,15.691415413376076
02011.png,13.448278143852313,6.5223388671875,0.7058483044041357,1.6399678515473985,0.9751506981712745,0.9118146908577668,3.7946853637695312,15.787349276700217
02033.png,14.357092892050138,7.429283618927002,0.7015409890165075,1.614254613522147,0.9803840086842953,0.9172688452219964,4.21764612197876,17.718999536744413
02045.png,21.210421148427614,11.616759300231934,0.6944356841915035,1.55583023052351,0.9825282718163476,0.989485208205827,1.8359694480895996,17.597973302123577
02073.png,21.810789866503786,12.080982208251953,0.6845924446337903,1.5407917226223904,0.9802360482270946,0.9867593862146192,1.9042385816574097,18.000120309140787
02083.png,21.922920031662933,12.213966369628906,0.6807409027929702,1.5380576893727425,0.9803489377575069,0.9852699667506667,1.983303189277649,18.814580534578113
02090.png,22.047458584334134,12.305203437805176,0.6806348501202578,1.5334805078538292,0.9798663976534816,0.9849257685624272,1.970644474029541,18.845359479354496
02102.png,12.039772098658093,5.743610858917236,0.7147190146833095,1.639303507931818,0.9648323877850425,0.9601995900750456,3.8024823665618896,13.939817732714983
02119.png,14.350248968809412,6.791261196136475,0.7350894444234333,1.7003309572301426,0.9756494607610391,0.9096087087231314,5.018124580383301,16.632866777262855
02120.png,12.731447731684604,6.6743388175964355,0.6539290462059056,1.6124637090612743,0.9662851761671658,0.8467866802350487,8.649134635925293,11.980713669626601
02142.png,15.156883559360544,8.322365760803223,0.644654274212645,1.515964590964591,0.9630009580411872,0.9170178723269401,4.218287467956543,14.605511031332416
02163.png,16.09176486895509,9.008769035339355,0.6629629504394077,1.5409355683870476,0.9833227351731739,0.9670500440164228,2.2916369438171387,32.09793096623411
02180.png,19.577151118693955,11.330706596374512,0.6518563299905996,1.4947432134809744,0.9805781620888436,0.9743406077393605,2.246968984603882,31.94834792604206
02195.png,20.496955917505044,10.283434867858887,0.7389290653723097,1.6590977298276135,0.9746000525633091,0.9578044605964497,2.5514895915985107,28.958229991373443
02213.png,21.43424344194351,11.222532272338867,0.7055453184383278,1.5952630454466838,0.9796795523906409,0.9859178675596135,1.737898349761963,31.29217147338815
02233.png,15.330512257660928,7.326457500457764,0.7312854071234925,1.699314332836178,0.978848632878757,0.9571323365027059,2.806361198425293,20.140930315837828
02236.png,16.63180493548912,8.154753684997559,0.7257189847535227,1.6821699116304862,0.9772243562022505,0.9479811087968826,2.6025664806365967,21.85111412661156
02249.png,17.145803241346947,8.901299476623535,0.6993161490195519,1.6220503688628847,0.9818448544874839,0.9485433477011588,2.8990981578826904,32.36160990254698
02278.png,17.191003212897233,8.93928337097168,0.7048992558548305,1.6269566767694776,0.9741866024652006,0.9560610089917404,2.5014264583587646,29.870648703542702
02296.png,18.061770430518642,9.368099212646484,0.6975551053686568,1.6013139079857313,0.9690253105524229,0.9238020585841178,3.01112961769104,27.81015618945622
02310.png,16.82828238296895,8.006234169006348,0.7495282603620051,1.7059868022732245,0.9761735178401845,0.9610152331330436,3.2961513996124268,20.50569618335102
02317.png,17.562842227385435,8.695082664489746,0.7311309137317242,1.6937264110099781,0.9741713374769992,0.9615300949602085,2.8751001358032227,20.915319603481016
02322.png,18.74347044338332,8.991779327392578,0.7374836301235832,1.7089047367135997,0.982281078056514,0.9414728691001272,3.589271306991577,18.761205470871566
02337.png,15.965629236099717,6.999556064605713,0.7468494524140059,1.7845911229810505,0.9872808058881389,0.8811944668133899,4.231352806091309,24.067359054878104
02352.png,13.327842347088575,6.035358905792236,0.7245151554669598,1.7478200706124152,0.9858079065390453,0.8403025030587953,5.493961811065674,23.280727339095517
02369.png,15.573752705206038,7.427434921264648,0.7207833951556889,1.6646698662975046,0.9768114221762502,0.9256825972249239,3.710904836654663,24.230580762706524
02394.png,12.727222364525755,5.107344150543213,0.6577713423745215,1.665113110816334,0.9808925300223896,0.7753668936036463,6.394585132598877,15.464711682373299
02405.png,12.345199295875295,5.987749099731445,0.6691230045132618,1.619141648811917,0.9782116605766704,0.8822281876923389,3.992584466934204,15.645586661624492
02440.png,15.170096884592786,7.699492931365967,0.7250331901890543,1.6328053849715336,0.9755427408412483,0.9435792620222093,2.784562110900879,25.600011970425992
02450.png,15.578515339356048,8.041707992553711,0.7174596766794502,1.6417537321032158,0.9787199755733478,0.953198722641798,2.916991949081421,28.923133907604704
02455.png,19.62484981901493,9.681953430175781,0.7398131899235777,1.698464778415334,0.978247232159509,0.9574195631459229,2.695068597793579,31.48153264487613
02464.png,18.48964553724749,8.710453033447266,0.762025435078855,1.721391515077462,0.9725613892280559,0.959656215123846,2.4069483280181885,27.152783025944345
02473.png,19.44696969999348,9.482425689697266,0.7306840551181102,1.689127105666156,0.9764504425078837,0.9508487959637416,2.6471734046936035,28.82412889278887
02478.png,18.216863339352496,9.271868705749512,0.7173789861191842,1.6495063613231553,0.9799089158956179,0.9643004737953222,2.52612042427063,27.82233159627734
02486.png,15.63858567210499,7.666173458099365,0.7618274285225864,1.7371639323413455,0.9795545974572675,0.9691011138568673,2.3027851581573486,28.54370234344646
02495.png,16.542090358334963,7.824026584625244,0.7726824029250804,1.7517223833511424,0.9797553345710726,0.9686205768691609,2.2833118438720703,26.86682763184821
02522.png,17.037965774576193,8.336356163024902,0.7112014916422239,1.6304740670606621,0.97390596653046,0.9618587204514685,2.4200503826141357,32.44278020999852
02527.png,20.539906418837074,11.552806854248047,0.6163285592503233,1.4988933268883404,0.9849341664617759,0.9612359101221157,3.390972375869751,53.22772618805292
02530.png,14.24317305231005,8.01075553894043,0.6176721657698218,1.5070971290623234,0.9800032239180786,0.9621161190970241,3.460756540298462,15.894351007379804
02533.png,12.288419042221257,7.223193645477295,0.6138961822087662,1.4267776466278643,0.9833874922579605,0.9476833129995224,2.0037951469421387,11.487699014878082
02544.png,10.191487602514531,3.58537220954895,0.6131764521776552,1.582378315569746,0.9654390598065606,0.8970950211511407,4.60546350479126,7.652931534505497
02556.png,14.520936024447119,6.848223686218262,0.7545237717877451,1.7150232711920446,0.9779324493879074,0.9505665428146098,2.362241506576538,30.027436260704675
02572.png,12.590942798811827,5.76766300201416,0.7570480798020707,1.7636053727443455,0.9869259987790816,0.9113370919943397,3.100992441177368,22.84686000059847
02606.png,13.852356943706138,6.276257038116455,0.7611760156552104,1.7334969187446436,0.9808614063812279,0.8431510143201262,5.093655586242676,17.263021802534922
02611.png,13.61210970503022,6.540389060974121,0.7756976614610694,1.7398783878754545,0.9798989436560015,0.8296512565509104,5.057237148284912,22.745400174133486
02624.png,17.332647552263577,8.685909271240234,0.7159842788413903,1.6184598791184193,0.9781611631554407,0.9635209894247572,3.2986252307891846,13.797406726868568
02641.png,19.422117901371717,8.792876243591309,0.6130217154040118,1.554387808723069,0.9779790373460873,0.9163205300650376,2.9307103157043457,18.533723034732855
02651.png,11.717091340189837,6.988931655883789,0.6110994371482177,1.3756051048848468,0.9703432121397291,0.9206595865986181,2.3589162826538086,36.16751611941855
02658.png,12.792588961009242,7.0306572914123535,0.6236793779341822,1.4458172930033608,0.9596239163173105,0.9293113653440943,2.9650142192840576,26.683681300441464
02667.png,11.32683321394636,6.189059734344482,0.6706514696622652,1.5190393768931199,0.9515195206019509,0.86667066626898,6.3161139488220215,12.036609928951984
02709.png,21.463249370283865,11.680475234985352,0.6816069669577688,1.5315998555435175,0.9835934916610848,0.9273461880851078,3.6489009857177734,13.167430484983853
02720.png,16.495921888810813,9.705368041992188,0.6547209051940323,1.5203723958995752,0.9611554967516496,0.916902064505409,3.781954526901245,13.076904780053436
02731.png,15.529045247452906,9.291746139526367,0.6590786583475953,1.5074377640889884,0.9614905252448175,0.9256247337352503,3.5154974460601807,14.368648341024027
02739.png,20.100929499056647,12.43376636505127,0.6217624146458378,1.4509187473292229,0.9847635682247904,0.9613241759186689,3.008822202682495,18.692423138836215
02754.png,23.573351039747386,16.612024307250977,0.5844079229632455,1.3132951799567596,0.9797549913102455,0.9631421883987924,2.1338391304016113,24.638142517808937
02757.png,8.333677337714988,3.798468589782715,0.6031147208252657,1.5881467139937615,0.9869294393954866,0.8429642403174779,3.7031612396240234,4.948989500256678
02762.png,11.21093087934821,5.618232250213623,0.6202191308472013,1.5981372219334984,0.993639000559768,0.6069863418903202,7.400239944458008,8.366171046555577
02778.png,10.736310970467049,5.180880069732666,0.628768342204462,1.6175783694673267,0.9924552321140626,0.6004605915343152,6.398359775543213,6.25284044366232
02786.png,23.46480187708278,15.737570762634277,0.611990886500629,1.348604392082653,0.9909689127079694,0.9428371243156438,3.340885877609253,11.024563951932903
02816.png,21.030247438017884,13.670639991760254,0.6201566592866397,1.3872935067579606,0.9819737321835864,0.927793003121287,4.0573859214782715,11.982048463757739
02821.png,20.453049277448557,12.911253929138184,0.6232081693775788,1.4092967176085143,0.9863751208180015,0.9537020639535724,3.453418493270874,12.214608150327114
02846.png,23.651478011719977,15.73416805267334,0.6243146260944452,1.363367228074816,0.9879622251233448,0.9779582664251584,2.074328660964966,20.27376607722595
02860.png,25.453405191044194,18.016687393188477,0.6100923007864738,1.3186298945055392,0.9865954470303955,0.974737340317358,2.0793845653533936,19.221862341026437
02869.png,21.35432122940609,14.118900299072266,0.6162972764362112,1.4112530772517344,0.9883655851974967,0.9611402783427024,2.7317075729370117,16.998212476944545
02896.png,19.7607267912377,13.212716102600098,0.6170118351200559,1.3701071038251367,0.9662138526119403,0.8934620894809772,3.5773754119873047,17.79631902670075
02956.png,22.82977030410644,13.24338150024414,0.65820987219128,1.5158220282512602,0.9702458175404679,0.9477465071042414,3.1189210414886475,28.992659051870888
03019.png,17.963649203381724,10.65554141998291,0.6818998752003226,1.5273031553138783,0.9647677178704646,0.917787312986011,3.4905145168304443,14.74906788175227
03045.png,19.87984093042765,12.82051944732666,0.6518245062238451,1.4012892787365678,0.9650692424460858,0.9581684889623,3.1726157665252686,15.511798602996002
03100.png,18.029084094303066,9.265534400939941,0.7235402740333124,1.606757519800998,0.9760105828181841,0.973662873809066,2.2351272106170654,16.42303564008242
03109.png,16.098245607258008,8.916071891784668,0.6873091267328126,1.4596068813571397,0.9654824487027303,0.9725852130966052,2.284872055053711,22.644637759500643
03143.png,16.55835058680067,9.23808765411377,0.6842011168484262,1.4440160332058274,0.9626071546673224,0.9533252893442645,2.864609956741333,20.105715523351428
03173.png,18.709639371157223,10.421649932861328,0.7003841778807975,1.510488727923822,0.9829225068471081,0.9882591957009245,1.7876302003860474,24.77392544262152
03219.png,17.00505567102488,8.734009742736816,0.6711645533121425,1.525338069960251,0.969414397612831,0.9495050430245677,2.8975706100463867,12.215144241659747
03260.png,18.43686029162304,9.868896484375,0.6863480173425434,1.5791271849653001,0.9723555043149489,0.9534474013213755,2.7670042514801025,23.259287991896443
03281.png,23.778716441423192,13.505130767822266,0.6669787839682935,1.5119578043619792,0.9811955812159286,0.9641418941591454,2.5319602489471436,21.9909201621823
03289.png,23.674271226527022,14.362264633178711,0.6409539000601417,1.4537230659645375,0.979713118228522,0.959117541194443,2.78816294670105,29.614102501656074
03354.png,24.10737237821444,15.698394775390625,0.6345994484080227,1.3920744734967951,0.9706014495825033,0.9764951909541292,2.3895697593688965,27.368389686882132
03375.png,25.386113722545964,16.31174087524414,0.6378954082047711,1.396389384852508,0.9820362834859274,0.9820167218434254,2.0563366413116455,21.34566918160729
03381.png,21.799236509457103,12.028979301452637,0.6516693993887128,1.5479149490569686,0.9798221295283635,0.9731766142487377,2.3226375579833984,21.284615055584386
03409.png,20.55685872311825,10.561334609985352,0.7082781158033473,1.6260207274447853,0.9772359240010513,0.9467379265600765,3.0424816608428955,20.49528844931244
03417.png,25.16838458004929,15.60765266418457,0.6510210180296843,1.4241718215855446,0.9868211269038977,0.9514750187260579,3.279686689376831,23.352027772572523
03433.png,18.45174117312583,9.320070266723633,0.683367327371302,1.629659960833185,0.9809577101773663,0.9701524166199827,2.2843689918518066,23.526446325020935
03438.png,20.835342246234326,11.50676441192627,0.6534893558906509,1.5492969211045766,0.9804495086942883,0.9504882041719734,2.951448678970337,18.460101592506415
03462.png,25.11299840348546,14.232295036315918,0.6437629395340291,1.526775494839225,0.9884028484231943,0.9838511616655762,1.8855047225952148,18.94654619020014
03473.png,22.577360690281157,14.081835746765137,0.6020050140713522,1.437590917876362,0.9857278540051899,0.9786369143270169,1.993974208831787,16.936140443441197
03575.png,24.183832081800958,13.365191459655762,0.6649747741882984,1.534639259183881,0.9838510053914754,0.9308205799606718,3.354494094848633,17.836472259700855
03589.png,17.585918037503017,8.86113452911377,0.697889991368795,1.6419854201746933,0.9742832909245123,0.8967457082917593,4.144309043884277,21.21276587939237
03600.png,21.661526534314824,12.367033958435059,0.6325157334193965,1.510638622548895,0.9802711341342445,0.9517251805316814,3.1643552780151367,16.20694126888283
03640.png,25.052982422979632,14.696165084838867,0.6440433805312639,1.493666829446954,0.9839836529819742,0.9871136225102278,1.7358170747756958,17.80352399361052
03708.png,20.106118646056217,12.218486785888672,0.6522518261425674,1.4841190713573564,0.969996524039236,0.9257009721221684,3.6029598712921143,12.525483997120412
03719.png,19.62245071328038,11.662311553955078,0.6556496730098181,1.4779220250691845,0.9677517828523943,0.925267614121268,3.7771337032318115,13.01624838767957
03769.png,22.8746407350669,12.814618110656738,0.6309595392822347,1.5143283020211733,0.9749656657454349,0.8741775719217376,4.2247490882873535,10.012028785771234
03813.png,20.898380686886693,13.16572380065918,0.6266109636557017,1.41386029804576,0.9705236565247247,0.9480735718979035,2.651958703994751,15.916129785286834
03836.png,17.541345622047093,9.418342590332031,0.6506254897013319,1.554788140984858,0.9741770306128504,0.8745971409750196,3.7855255603790283,9.182122298871553
03878.png,13.46599608746327,6.869753837585449,0.645336043654592,1.6371136014331227,0.9753930164329201,0.19913134360459195,16.480947494506836,15.582852583023838
03989.png,13.007652587902275,7.270745277404785,0.62321682404305,1.5998555398435355,0.9711387595518578,0.17772970817777345,18.498533248901367,10.346827456549487
04006.png,12.76329311726482,7.094184875488281,0.6599222679469593,1.5884438881935754,0.9776386556047573,0.2445014547515704,14.334479331970215,7.70515398821866
04018.png,8.611341204404274,4.659240245819092,0.6184078153966858,1.563063567343117,0.9717477226849417,-0.13621672263480541,24.39763832092285,17.68799460754071
04026.png,9.113271656803304,5.123377323150635,0.6209588648872204,1.5257262488729961,0.966913416940127,-0.1118052989724978,23.884218215942383,18.036657104904542
04053.png,11.493840856718748,5.9949517250061035,0.6378647659059722,1.6642603321352571,0.9812806795927191,0.2613429497359611,11.494640350341797,11.874048012935885
04092.png,12.272577615876227,6.463980197906494,0.6426817690771598,1.6483390665391113,0.9780291531345131,0.24816730438032042,12.807393074035645,10.329445815083126
04160.png,17.789868078707464,10.107072830200195,0.6548347121278092,1.4500664423072027,0.968818088560698,0.9602198337236946,2.2318127155303955,10.639702637604161
__mean__,14.857665643036468,8.637668841679892,0.6378154409234305,1.526417899746936,0.9786908765082251,0.805930699072923,4.756924906571706,19.521243325703168
__std__,5.412103682359948,4.38313427994003,0.04811130022810639,0.12582834178628796,0.011266658037784242,0.21954250727762337,3.7716031076117837,7.97140621123668
