object_index,image_id,class_id,conflict_score,high_conflict
0,00000,0,0.02347579796,0
1,00000,0,0.03086763505,1
2,00000,0,0.0534934406,1
3,00000,0,0.008917882845,0
4,00000,1,0.009363190178,0
5,00000,1,0.009487466969,0
6,00000,1,0.01077958363,0
7,00000,1,0.01189296046,0
8,00000,1,0.009985738817,0
9,00000,1,0.006145245704,0
10,00000,1,0.0117303634,0
11,00011,1,0.00897712678,0
12,00011,1,0.009497565986,0
13,00011,1,0.01146357761,0
14,00011,1,0.01225586305,0
15,00011,1,0.01267014716,0
16,00011,1,0.01050813975,0
17,00011,1,0.006112801181,0
18,00011,1,0.0119624341,0
19,00011,0,0.008146643477,0
20,00011,0,0.02664979672,0
21,00011,0,0.05124699025,1
22,00011,0,0.01916309318,0
23,00025,1,0.004585204446,0
24,00025,1,0.005670354176,0
25,00025,1,0.005398688043,0
26,00025,1,0.017519906,0
27,00025,1,0.03403091369,1
28,00025,1,0.01823283844,0
29,00025,1,0.0185496889,0
30,00025,1,0.01261432143,0
31,00025,1,0.01317341044,0
32,00025,1,0.008392393016,0
33,00025,0,0.01878083739,0
34,00025,0,0.02242556415,0
35,00025,0,0.02071306617,0
36,00025,0,0.01847709627,0
37,00031,1,0.007917279299,0
38,00031,1,0.006114207757,0
39,00031,1,0.006138947476,0
40,00031,1,0.005604134617,0
41,00031,1,0.01775395527,0
42,00031,1,0.02719637952,0
43,00031,1,0.01785939348,0
44,00031,1,0.0151416116,0
45,00031,1,0.01325315151,0
46,00031,1,0.01020484936,0
47,00031,1,0.00973016396,0
48,00031,1,0.01002531052,0
49,00031,0,0.01993062472,0
50,00033,0,0.02390195587,0
51,00033,0,0.03473951798,1
52,00033,0,0.03622489175,1
53,00033,0,0.006609044288,0
54,00033,0,0.01443298191,0
55,00033,1,0.006748586375,0
56,00033,1,0.01193271124,0
57,00033,1,0.009682140185,0
58,00033,1,0.0145795322,0
59,00033,1,0.01568955674,0
60,00033,1,0.01157296196,0
61,00033,1,0.006364569996,0
62,00033,1,0.01073358092,0
63,00042,1,0.005886804489,0
64,00042,1,0.00715709886,0
65,00042,1,0.01038154839,0
66,00042,1,0.01059296917,0
67,00042,1,0.01091455972,0
68,00042,1,0.01467516301,0
69,00042,1,0.01727415063,0
70,00042,1,0.03471102855,1
71,00042,1,0.009407207136,0
72,00042,0,0.03350717931,1
73,00061,3,0.007902649332,0
74,00061,1,0.02937705824,0
75,00061,2,0.02432135572,0
76,00061,1,0.03745851322,1
77,00061,0,0.03717677306,1
78,00061,1,0.01141159714,0
79,00061,1,0.009044177534,0
80,00061,1,0.009128808905,0
81,00061,0,0.02095316311,0
82,00061,0,0.02202046156,0
83,00061,0,0.03377943484,1
84,00061,0,0.02863905514,0
85,00061,0,0.01145359809,0
86,00071,1,0.0232444129,0
87,00071,1,0.03016096681,1
88,00071,1,0.03366000209,1
89,00071,3,0.02148067167,0
90,00071,0,0.03383907922,1
91,00071,0,0.02835123688,0
92,00071,1,0.01210775926,0
93,00071,1,0.01323378371,0
94,00071,1,0.005232605121,0
95,00071,1,0.008512031916,0
96,00071,1,0.008163510031,0
97,00071,1,0.007272623464,0
98,00082,0,0.04040186186,1
99,00082,0,0.04355318189,1
100,00082,0,0.03998433819,1
101,00082,0,0.05887703802,1
102,00082,0,0.02225922409,0
103,00082,0,0.02013269353,0
104,00082,0,0.01702076098,0
105,00082,4,0.02008713234,0
106,00082,1,0.02261655381,0
107,00082,1,0.02112033557,0
108,00082,1,0.007649377674,0
109,00082,4,0.04319331478,1
110,00082,0,0.01876467198,0
111,00097,0,0.04288133542,1
112,00097,0,0.03690695632,1
113,00097,0,0.02392377622,0
114,00097,0,0.062027561,1
115,00097,0,0.0649941689,1
116,00097,0,0.06997303474,1
117,00097,0,0.02635813728,0
118,00097,0,0.01675987775,0
119,00097,4,0.02287631267,0
120,00097,5,0.0139023392,0
121,00097,4,0.02882050084,0
122,00097,0,0.03265366868,1
123,00097,1,0.02475263078,0
124,00107,0,0.0378456354,1
125,00107,0,0.03138845033,1
126,00107,0,0.03826967231,1
127,00107,0,0.02398346859,0
128,00107,1,0.02176603076,0
129,00107,1,0.01495591722,0
130,00107,1,0.03036803996,1
131,00107,1,0.01011260489,0
132,00107,0,0.02412458631,0
133,00107,4,0.02337101929,0
134,00107,0,0.03042608836,1
135,00107,4,0.03344834122,1
136,00107,0,0.017160494,0
137,00107,1,0.02378628789,0
138,00112,1,0.01113240215,0
139,00112,1,0.02196719098,0
140,00112,1,0.01160237349,0
141,00112,1,0.007990256002,0
142,00112,1,0.008420058075,0
143,00112,3,0.01688474323,0
144,00112,3,0.02173045303,0
145,00112,3,0.007023811258,0
146,00112,0,0.04574848515,1
147,00112,0,0.04528640858,1
148,00112,0,0.03518452252,1
149,00112,0,0.04252245277,1
150,00112,0,0.04139975394,1
151,00112,0,0.04257957138,1
152,00112,0,0.04084173799,1
153,00112,0,0.03057600861,1
154,00112,0,0.02685227838,0
155,00118,1,0.006596083591,0
156,00118,1,0.0078952057,0
157,00118,0,0.02201883705,0
158,00118,0,0.04640099648,1
159,00118,0,0.04982555052,1
160,00118,0,0.04872722218,1
161,00118,0,0.03898726767,1
162,00118,0,0.02647358418,0
163,00118,1,0.02096501297,0
164,00118,1,0.01415483444,0
165,00118,1,0.007219019363,0
166,00118,3,0.01097608478,0
167,00118,0,0.0360712437,1
168,00118,0,0.03391036192,1
169,00118,3,0.0230982186,0
170,00118,3,0.005551055052,0
171,00118,3,0.0102811262,0
172,00147,0,0.01534100994,0
173,00147,0,0.01859693476,0
174,00147,0,0.03508947588,1
175,00147,0,0.03165981485,1
176,00147,1,0.01462500687,0
177,00147,0,0.01529691961,0
178,00147,0,0.04132006489,1
179,00147,0,0.02683724685,0
180,00147,1,0.008765515877,0
181,00147,1,0.02088083828,0
182,00147,1,0.01760503718,0
183,00147,1,0.02550060481,0
184,00147,1,0.01019366262,0
185,00147,0,0.03183913695,1
186,00147,0,0.02624072252,0
187,00147,0,0.01764711439,0
188,00147,0,0.05047763078,1
189,00147,0,0.0335689938,1
190,00147,1,0.01552838306,0
191,00147,1,0.0170787629,0
192,00147,1,0.01687739393,0
193,00147,1,0.01447439559,0
194,00147,1,0.01052375591,0
195,00147,1,0.009708272438,0
196,00147,1,0.008915435855,0
197,00147,3,0.02711697325,0
198,00147,1,0.01081233279,0
199,00149,1,0.0083995089,0
200,00149,1,0.006361447878,0
201,00149,1,0.0130908313,0
202,00149,1,0.01809602239,0
203,00149,1,0.01161702023,0
204,00149,1,0.01540299924,0
205,00149,1,0.01437605413,0
206,00149,0,0.03005408838,1
207,00149,0,0.05079252548,1
208,00149,0,0.1032970685,1
209,00149,0,0.02196519818,0
210,00149,0,0.02608020974,0
211,00149,0,0.02705327669,0
212,00149,0,0.01290310095,0
213,00149,0,0.02995140771,1
214,00149,0,0.01607371316,0
215,00149,0,0.04000301065,1
216,00150,0,0.0660654155,1
217,00150,0,0.07371906171,1
218,00150,0,0.02722226133,0
219,00150,0,0.02409701824,0
220,00150,0,0.01704369011,0
221,00150,0,0.03878174308,1
222,00150,0,0.02299802261,0
223,00150,0,0.03566343694,1
224,00150,0,0.04324978477,1
225,00150,0,0.0350976482,1
226,00150,1,0.01353098499,0
227,00150,1,0.01340829593,0
228,00150,1,0.006629656765,0
229,00150,1,0.0129599749,0
230,00150,1,0.01378462872,0
231,00150,1,0.01253269536,0
232,00150,1,0.01629228866,0
233,00150,1,0.01443396102,0
234,00150,1,0.01470628911,0
235,00159,1,0.005819406638,0
236,00159,1,0.006997151232,0
237,00159,1,0.01507849734,0
238,00159,1,0.01493020797,0
239,00159,1,0.01377861979,0
240,00159,1,0.02320122854,0
241,00159,1,0.01119164046,0
242,00159,1,0.01258289174,0
243,00159,0,0.02171924729,0
244,00159,0,0.02361624932,0
245,00159,0,0.02872069788,0
246,00159,0,0.04887519515,1
247,00159,0,0.03841887161,1
248,00159,0,0.03675448797,1
249,00159,0,0.08696707137,1
250,00159,0,0.03561248558,1
251,00159,0,0.02295374733,0
252,00159,0,0.02442627218,0
253,00159,1,0.01514674436,0
254,00159,1,0.00537346827,0
255,00159,1,0.0226322255,0
256,00177,0,0.02284566472,0
257,00177,0,0.01995569517,0
258,00177,0,0.03477602487,1
259,00177,0,0.09870022465,1
260,00177,0,0.0350765393,1
261,00177,1,0.01183940688,0
262,00177,1,0.01222274588,0
263,00177,1,0.01088857984,0
264,00177,1,0.013951459,0
265,00177,1,0.007897689387,0
266,00177,1,0.007260063042,0
267,00177,1,0.01157515238,0
268,00177,1,0.01197631457,0
269,00177,1,0.01563300954,0
270,00196,0,0.01792095774,0
271,00196,0,0.01778876628,0
272,00196,0,0.02732925074,0
273,00196,0,0.02727107143,0
274,00196,0,0.03572245966,1
275,00196,0,0.03548660293,1
276,00196,0,0.01838168774,0
277,00196,0,0.02146848748,0
278,00196,0,0.02750648821,0
279,00196,3,0.0101145644,0
280,00196,1,0.008879393114,0
281,00196,1,0.006017030807,0
282,00196,4,0.01666494564,0
283,00196,3,0.01414026506,0
284,00196,3,0.00612234722,0
285,00202,0,0.02946150507,0
286,00202,0,0.02980286767,1
287,00202,0,0.031438666,1
288,00202,0,0.02560192183,0
289,00202,0,0.04131819747,1
290,00202,0,0.03527909525,1
291,00202,1,0.01024484771,0
292,00202,1,0.008012043763,0
293,00202,0,0.01100659747,0
294,00202,0,0.01059510192,0
295,00202,4,0.01232352654,0
296,00202,3,0.01518738534,0
297,00202,3,0.005421695436,0
298,00210,0,0.0166651719,0
299,00210,0,0.0130479054,0
300,00210,0,0.02187488839,0
301,00210,1,0.00927658644,0
302,00210,1,0.01642076884,0
303,00210,1,0.008025768614,0
304,00210,3,0.01612827817,0
305,00210,4,0.01335167704,0
306,00210,1,0.009522199994,0
307,00215,0,0.01432749091,0
308,00215,0,0.03774405621,1
309,00215,3,0.01676313569,0
310,00215,1,0.009327901377,0
311,00215,1,0.01011911692,0
312,00215,1,0.007522677083,0
313,00215,0,0.02835960889,0
314,00215,3,0.01830324621,0
315,00215,3,0.004400155592,0
316,00232,3,0.009900356373,0
317,00232,3,0.01053162717,0
318,00232,3,0.02875767695,0
319,00232,0,0.02627028759,0
320,00232,0,0.0243832327,0
321,00232,0,0.01009813319,0
322,00232,0,0.01945376009,0
323,00232,0,0.03914594611,1
324,00232,0,0.01704914894,0
325,00232,0,0.02244849085,0
326,00232,0,0.02143183803,0
327,00232,0,0.01958828879,0
328,00232,0,0.02561697317,0
329,00232,0,0.03388147309,1
330,00232,0,0.02573806106,0
331,00232,1,0.03255585429,1
332,00232,1,0.007922447565,0
333,00232,1,0.01790554515,0
334,00232,1,0.01386207638,0
335,00232,1,0.02542603379,0
336,00232,3,0.01695429666,0
337,00232,3,0.005942337848,0
338,00232,3,0.006338261972,0
339,00242,3,0.009804274715,0
340,00242,3,0.01320972431,0
341,00242,3,0.01931572924,0
342,00242,3,0.02081997186,0
343,00242,0,0.04401047754,1
344,00242,0,0.04471161293,1
345,00242,0,0.03552747946,1
346,00242,0,0.03524412026,1
347,00242,0,0.0228605549,0
348,00242,0,0.024851566,0
349,00242,0,0.02166051021,0
350,00242,0,0.0409378778,1
351,00242,0,0.02272809672,0
352,00242,0,0.03400534907,1
353,00242,0,0.04810564214,1
354,00242,1,0.008005455636,0
355,00242,1,0.01358834737,0
356,00242,1,0.02880706941,0
357,00242,1,0.01814136541,0
358,00242,0,0.01300505016,0
359,00242,3,0.004849994061,0
360,00242,3,0.004462951065,0
361,00242,3,0.01450511722,0
362,00255,0,0.009529982555,0
363,00274,0,0.009721527419,0
364,00274,0,0.009483346529,0
365,00284,0,0.0131258794,0
366,00284,0,0.01409464914,0
367,00290,0,0.00971297923,0
368,00290,0,0.007797128749,0
369,00306,0,0.01262371094,0
370,00306,0,0.009966520107,0
371,00320,0,0.0163573854,0
372,00320,0,0.01203455889,0
373,00325,0,0.01221632939,0
374,00334,0,0.01062896012,0
375,00339,0,0.005758906323,0
376,00349,0,0.004264561654,0
377,00353,0,0.004533494732,0
378,00370,0,0.005141474938,0
379,00385,0,0.005264519501,0
380,00386,0,0.007466517247,0
381,00386,0,0.008694417724,0
382,00386,0,0.007983552883,0
383,00386,0,0.006418619207,0
384,00386,0,0.006072647245,0
385,00386,0,0.005437762276,0
386,00386,0,0.006298243388,0
387,00386,0,0.005387839173,0
388,00386,0,0.005345286928,0
389,00386,0,0.01689102359,0
390,00386,0,0.03125492417,1
391,00386,1,0.006514767263,0
392,00386,1,0.006013617357,0
393,00386,1,0.00688006917,0
394,00388,0,0.00569759886,0
395,00388,0,0.005609917362,0
396,00388,0,0.005296584864,0
397,00388,0,0.004537753045,0
398,00388,0,0.002750678746,0
399,00388,0,0.002446789601,0
400,00388,0,0.002412530222,0
401,00388,0,0.001940097035,0
402,00388,0,0.00194917657,0
403,00388,0,0.003886028093,0
404,00388,1,0.003519849727,0
405,00388,1,0.002479117369,0
406,00388,1,0.005619993793,0
407,00388,3,0.004605997075,0
408,00389,0,0.009298907779,0
409,00389,0,0.009162930435,0
410,00389,0,0.008916479465,0
411,00389,0,0.005080680441,0
412,00389,0,0.006852489491,0
413,00389,0,0.003953934855,0
414,00389,0,0.004024920604,0
415,00389,0,0.005497565044,0
416,00389,0,0.008042821978,0
417,00389,0,0.01526680852,0
418,00389,1,0.003717753066,0
419,00389,1,0.00511612561,0
420,00389,3,0.006482077804,0
421,00389,3,0.005091121038,0
422,00390,0,0.006785478634,0
423,00390,0,0.01169670132,0
424,00390,3,0.007141553191,0
425,00390,0,0.01054991668,0
426,00390,0,0.009553872352,0
427,00390,0,0.006529697647,0
428,00390,0,0.008702415985,0
429,00390,0,0.007171984549,0
430,00390,0,0.004361273882,0
431,00390,1,0.005578336395,0
432,00390,0,0.004869516645,0
433,00390,0,0.01681634679,0
434,00390,3,0.006332855338,0
435,00400,0,0.02277212319,0
436,00400,0,0.009766944186,0
437,00400,0,0.0180010746,0
438,00400,0,0.0178934015,0
439,00400,0,0.02757639694,0
440,00400,0,0.01270982,0
441,00400,0,0.01136406107,0
442,00400,0,0.005985623839,0
443,00400,0,0.005640416771,0
444,00400,0,0.008950704761,0
445,00400,1,0.009542376017,0
446,00400,1,0.006172521898,0
447,00400,1,0.01044125042,0
448,00400,0,0.01356957203,0
449,00400,1,0.005980600191,0
450,00400,1,0.01008492886,0
451,00400,1,0.00532197849,0
452,00405,0,0.006825943464,0
453,00405,0,0.007997958563,0
454,00405,0,0.01236308716,0
455,00405,0,0.00631634192,0
456,00405,0,0.005570692911,0
457,00405,0,0.009221804152,0
458,00405,0,0.007988149255,0
459,00405,0,0.01069422229,0
460,00405,0,0.01295924434,0
461,00405,0,0.02082048151,0
462,00405,0,0.02790551176,0
463,00405,1,0.006481579867,0
464,00405,1,0.007547354926,0
465,00405,1,0.008093460274,0
466,00405,1,0.005824253902,0
467,00409,1,0.005473745791,0
468,00409,1,0.005956182997,0
469,00409,1,0.01020922313,0
470,00409,1,0.008852761209,0
471,00409,1,0.02632433761,0
472,00409,1,0.01419103888,0
473,00409,1,0.004889687038,0
474,00409,3,0.01652115713,0
475,00409,0,0.01426393689,0
476,00409,0,0.005721489092,0
477,00409,0,0.0009093946696,0
478,00409,0,0.004854041388,0
479,00409,0,0.005203445614,0
480,00409,1,0.00357257182,0
481,00419,1,0.009336682083,0
482,00419,1,0.008941599758,0
483,00419,1,0.009548658632,0
484,00419,3,0.0141441071,0
485,00419,3,0.00628735177,0
486,00419,0,0.02884441346,0
487,00419,0,0.06251653591,1
488,00419,1,0.01347708985,0
489,00419,1,0.007661157666,0
490,00421,1,0.006150061648,0
491,00421,1,0.009086569014,0
492,00421,1,0.01047885489,0
493,00421,1,0.007013660449,0
494,00421,1,0.01361726705,0
495,00421,1,0.02437639548,0
496,00421,1,0.01030563561,0
497,00421,0,0.005935236804,0
498,00421,1,0.005091873636,0
499,00421,0,0.01344591281,0
500,00421,0,0.01556681214,0
501,00421,0,0.01063468393,0
502,00421,0,0.01254850411,0
503,00434,1,0.005999734965,0
504,00434,1,0.007118577949,0
505,00434,1,0.007450791479,0
506,00434,1,0.01152271941,0
507,00434,0,0.007954137959,0
508,00434,0,0.007547779002,0
509,00434,1,0.00581356792,0
510,00434,1,0.006762222451,0
511,00434,0,0.005894457608,0
512,00434,0,0.004338462476,0
513,00434,0,0.007074365619,0
514,00434,0,0.009618777981,0
515,00441,0,0.005420204723,0
516,00441,0,0.007297923296,0
517,00441,0,0.00305230828,0
518,00441,0,0.006864340083,0
519,00441,0,0.02077528966,0
520,00441,0,0.01062017674,0
521,00441,0,0.01156412572,0
522,00441,0,0.01169630514,0
523,00441,0,0.007463720171,0
524,00441,3,0.003894530736,0
525,00441,3,0.006362773059,0
526,00441,3,0.01699629028,0
527,00441,1,0.005775326472,0
528,00441,1,0.007330562627,0
529,00441,3,0.004288982737,0
530,00443,3,0.009236853037,0
531,00443,3,0.01307955657,0
532,00443,1,0.01404598934,0
533,00443,1,0.01569280658,0
534,00443,1,0.01442918235,0
535,00443,1,0.02194016969,0
536,00443,0,0.01224622094,0
537,00443,0,0.009779775025,0
538,00443,3,0.006702279019,0
539,00449,0,0.006411321819,0
540,00449,0,0.01053947711,0
541,00449,0,0.007946196013,0
542,00449,1,0.0041771653,0
543,00449,1,0.005090540779,0
544,00449,1,0.00290528264,0
545,00449,0,0.002748466054,0
546,00449,0,0.002374768737,0
547,00449,0,0.01554446967,0
548,00449,3,0.02553531708,0
549,00449,3,0.00823977742,0
550,00449,3,0.003994793069,0
551,00449,3,0.009158719318,0
552,00449,3,0.003522609553,0
553,00453,1,0.00296700539,0
554,00453,1,0.00347005,0
555,00453,0,0.004585364568,0
556,00453,1,0.005317905807,0
557,00453,1,0.005702089961,0
558,00453,3,0.002569987364,0
559,00453,3,0.007033298171,0
560,00453,3,0.00385140067,0
561,00453,3,0.009385561241,0
562,00461,1,0.004402456401,0
563,00461,1,0.004295037208,0
564,00461,1,0.0033569184,0
565,00461,1,0.01394423611,0
566,00461,1,0.005553044174,0
567,00461,1,0.007100861738,0
568,00461,0,0.004448222653,0
569,00461,0,0.006489632248,0
570,00461,0,0.007434645096,0
571,00461,0,0.004638836505,0
572,00461,0,0.005139393961,0
573,00461,0,0.006353251938,0
574,00461,1,0.007605816781,0
575,00461,3,0.03378248492,1
576,00461,3,0.003527403169,0
577,00461,0,0.004783545817,0
578,00479,1,0.005700175468,0
579,00479,1,0.008154679923,0
580,00479,1,0.0171558756,0
581,00479,1,0.009829334497,0
582,00479,4,0.00821427077,0
583,00479,0,0.007384478094,0
584,00479,3,0.009988094112,0
585,00489,0,0.00835306963,0
586,00489,1,0.01638350175,0
587,00489,0,0.01166700272,0
588,00489,4,0.0191311821,0
589,00489,0,0.01040700211,0
590,00489,0,0.0113967812,0
591,00489,0,0.008417269739,0
592,00489,0,0.01280401394,0
593,00489,0,0.004131873113,0
594,00489,0,0.006052107227,0
595,00489,0,0.004279706735,0
596,00489,0,0.002426522396,0
597,00489,1,0.007303164794,0
598,00489,3,0.01901880242,0
599,00489,1,0.005905697918,0
600,00489,1,0.004313370412,0
601,00489,3,0.004653257666,0
602,00497,1,0.005878644389,0
603,00497,1,0.006676926137,0
604,00497,1,0.006493655239,0
605,00497,1,0.01199386429,0
606,00497,1,0.01115372508,0
607,00497,1,0.005033183027,0
608,00497,0,0.006149963476,0
609,00497,0,0.005254935217,0
610,00497,0,0.00514057881,0
611,00497,0,0.005623184992,0
612,00497,0,0.008581621435,0
613,00497,0,0.007445805779,0
614,00497,0,0.008023883172,0
615,00497,0,0.008488125104,0
616,00497,0,0.007050941166,0
617,00512,0,0.01646721659,0
618,00512,0,0.01733943251,0
619,00512,0,0.03422091344,1
620,00512,0,0.02051436333,0
621,00512,0,0.01683616322,0
622,00512,0,0.01140347918,0
623,00512,1,0.009356514651,0
624,00512,1,0.01007218329,0
625,00512,1,0.009409725551,0
626,00512,1,0.009394999083,0
627,00512,1,0.01628143364,0
628,00512,1,0.009393190837,0
629,00512,1,0.01339098583,0
630,00512,0,0.008565130254,0
631,00525,0,0.01020166191,0
632,00525,0,0.01029070732,0
633,00525,0,0.01824864423,0
634,00525,0,0.02658678882,0
635,00525,0,0.03271031259,1
636,00525,0,0.0250167983,0
637,00525,1,0.01215896102,0
638,00525,1,0.01221860604,0
639,00525,1,0.009433134867,0
640,00525,1,0.009378338601,0
641,00525,1,0.006422461389,0
642,00525,1,0.004692925711,0
643,00527,0,0.01217384167,0
644,00527,0,0.007965390553,0
645,00527,0,0.02522156077,0
646,00527,0,0.03191872876,1
647,00527,0,0.01844506268,0
648,00527,1,0.00836251967,0
649,00527,1,0.008490988237,0
650,00527,0,0.01772696017,0
651,00527,1,0.007743930279,0
652,00527,1,0.00942877035,0
653,00527,1,0.005302016932,0
654,00527,1,0.00788792502,0
655,00527,1,0.007949445656,0
656,00537,0,0.009709535093,0
657,00537,0,0.01986269702,0
658,00537,0,0.02858475724,0
659,00537,0,0.02154441987,0
660,00537,0,0.02747904093,0
661,00537,0,0.03425125932,1
662,00537,1,0.0281812754,0
663,00537,1,0.006439326053,0
664,00537,1,0.007027284913,0
665,00537,1,0.00816079601,0
666,00537,1,0.009256101582,0
667,00537,0,0.02375387825,0
668,00555,0,0.02784575623,0
669,00555,0,0.01877895033,0
670,00555,0,0.02581534412,0
671,00555,0,0.05262604778,1
672,00555,0,0.0274353524,0
673,00555,1,0.02400032811,0
674,00555,1,0.009825495525,0
675,00555,1,0.007202658357,0
676,00555,1,0.007473348261,0
677,00555,1,0.01103602864,0
678,00555,0,0.01465166222,0
679,00555,1,0.006433526959,0
680,00572,0,0.01154389166,0
681,00572,0,0.01155379765,0
682,00572,0,0.03139073512,1
683,00572,0,0.03646248332,1
684,00572,0,0.04111850215,1
685,00572,0,0.04093481748,1
686,00572,1,0.007682522576,0
687,00572,1,0.008094712778,0
688,00572,1,0.03714142188,1
689,00572,1,0.03145902875,1
690,00572,1,0.01364058771,0
691,00572,1,0.01615890228,0
692,00572,0,0.02294674316,0
693,00572,1,0.005138423199,0
694,00587,0,0.00774134612,0
695,00587,0,0.01303872159,0
696,00587,4,0.01085577359,0
697,00587,1,0.003995101619,0
698,00587,1,0.006053287483,0
699,00587,1,0.004892077163,0
700,00587,1,0.007049574682,0
701,00606,1,0.007056230799,0
702,00606,1,0.01045373308,0
703,00606,1,0.007235201803,0
704,00606,1,0.009671191746,0
705,00606,0,0.0121977274,0
706,00606,0,0.01230450664,0
707,00606,0,0.03124038314,1
708,00606,1,0.00615008449,0
709,00606,1,0.005760419767,0
710,00606,1,0.008900056816,0
711,00606,1,0.01020262015,0
712,00606,0,0.01113213958,0
713,00621,1,0.007288147187,0
714,00621,1,0.01279771634,0
715,00621,0,0.02738304129,0
716,00621,1,0.02332996813,0
717,00621,0,0.01978131914,0
718,00621,1,0.008120644141,0
719,00621,1,0.006920820326,0
720,00621,0,0.01720860487,0
721,00633,0,0.010872113,0
722,00633,1,0.005767791286,0
723,00633,1,0.004151834155,0
724,00633,0,0.01032298056,0
725,00633,0,0.009689778812,0
726,00633,0,0.02159362571,0
727,00633,1,0.02403771073,0
728,00633,0,0.01205330408,0
729,00633,0,0.01528138784,0
730,00633,1,0.007288504622,0
731,00633,1,0.01047068744,0
732,00633,1,0.006388790558,0
733,00633,1,0.008911667023,0
734,00643,1,0.01124211816,0
735,00643,0,0.00741182049,0
736,00643,1,0.003431021962,0
737,00652,1,0.008597651517,0
738,00652,1,0.007965406669,0
739,00652,1,0.03372126144,1
740,00652,1,0.01762008111,0
741,00653,1,0.01089405112,0
742,00653,1,0.02004082548,0
743,00653,1,0.01710376189,0
744,00653,1,0.03293799879,1
745,00653,0,0.006052009416,0
746,00653,1,0.00435936557,0
747,00661,1,0.007415088288,0
748,00661,1,0.008175187067,0
749,00661,1,0.006004148157,0
750,00671,1,0.004584955981,0
751,00671,1,0.00634050475,0
752,00671,1,0.01107118433,0
753,00671,1,0.008190383148,0
754,00671,0,0.009788172793,0
755,00676,1,0.01083563556,0
756,00676,1,0.009086878547,0
757,00676,1,0.004627418628,0
758,00676,1,0.007885519302,0
759,00676,1,0.005524574287,0
760,00677,1,0.01579934279,0
761,00677,1,0.01044235249,0
762,00677,1,0.01089643427,0
763,00677,1,0.007047407103,0
764,00677,2,0.004230032853,0
765,00677,1,0.01040749682,0
766,00677,1,0.009743865152,0
767,00677,1,0.008315081977,0
768,00677,0,0.01700303408,0
769,00677,0,0.004684604375,0
770,00687,0,0.008470427162,0
771,00687,0,0.00266677113,0
772,00687,0,0.005320359613,0
773,00687,1,0.01361142889,0
774,00687,1,0.01602638202,0
775,00687,1,0.005784602996,0
776,00687,1,0.01399533648,0
777,00687,1,0.008670998758,0
778,00687,1,0.008768929738,0
779,00687,2,0.007557079894,0
780,00687,1,0.008074845792,0
781,00687,1,0.01782081331,0
782,00697,1,0.02267630252,0
783,00697,1,0.00976000887,0
784,00697,1,0.00841094771,0
785,00697,1,0.01204199518,0
786,00697,1,0.01520177671,0
787,00697,1,0.01201337434,0
788,00697,1,0.01103448269,0
789,00697,1,0.03403213002,1
790,00697,1,0.02476535774,0
791,00697,1,0.02389605566,0
792,00697,1,0.01717784854,0
793,00697,0,0.004360805845,0
794,00697,1,0.007482036234,0
795,00712,0,0.006077063554,0
796,00716,0,0.004834822112,0
797,00719,0,0.03535596616,1
798,00725,0,0.03923201805,1
799,00725,0,0.02014513092,0
800,00726,0,0.03545724749,1
801,00726,0,0.01931453435,0
802,00738,0,0.02281414865,0
803,00760,0,0.02699542477,0
804,00762,0,0.01680803286,0
805,00769,0,0.0162104632,0
806,00787,0,0.007763862042,0
807,00787,0,0.009768339426,0
808,00800,0,0.01919402471,0
809,00801,0,0.01384811182,0
810,00801,0,0.01018747896,0
811,00805,0,0.02099527059,0
812,00805,0,0.01027125202,0
813,00818,0,0.0205825067,0
814,00818,0,0.03112908389,1
815,00825,0,0.009395403359,0
816,00825,0,0.007417357314,0
817,00825,0,0.007116375214,0
818,00826,0,0.01472667175,0
819,00826,0,0.01865896165,0
820,00826,0,0.02071178677,0
821,00829,0,0.02131342902,0
822,00829,0,0.02627258779,0
823,00829,0,0.02041042199,0
824,00834,0,0.02795762566,0
825,00834,0,0.03222360895,1
826,00834,0,0.02363373745,0
827,00857,0,0.04204326633,1
828,00857,0,0.04434630793,1
829,00857,0,0.03288880414,1
830,00867,0,0.04335080272,1
831,00867,0,0.05062867417,1
832,00871,0,0.003378926967,0
833,00871,0,0.03453064455,1
834,00871,0,0.0503141688,1
835,00878,0,0.02047275831,0
836,00878,0,0.007451403046,0
837,00878,0,0.05209094831,1
838,00896,0,0.001682526626,0
839,00896,0,0.004459665146,0
840,00910,0,0.002261910119,0
841,00910,0,0.003698249756,0
842,00916,0,0.002903872585,0
843,00916,0,0.003546308921,0
844,00922,0,0.002633786029,0
845,00922,0,0.00322593029,0
846,00926,0,0.005485584307,0
847,00926,0,0.01013785291,0
848,00950,0,0.01050604256,0
849,00950,0,0.002608712414,0
850,00950,0,0.002764967335,0
851,00958,0,0.01801359945,0
852,00958,0,0.005806650649,0
853,00958,0,0.002061906607,0
854,00965,0,0.006130394416,0
855,00965,0,0.008039957808,0
856,00965,0,0.003818182828,0
857,00976,1,0.009308777034,0
858,00976,1,0.01067223724,0
859,00976,1,0.006528169206,0
860,00976,0,0.02587115633,0
861,00976,0,0.05359147919,1
862,00976,0,0.03917975737,1
863,00976,0,0.02566859666,0
864,00976,0,0.0310588039,1
865,00976,0,0.02470936353,0
866,00976,0,0.02467135045,0
867,00976,0,0.03538319111,1
868,00976,0,0.02645615708,0
869,00976,0,0.02216783507,0
870,00976,0,0.0126863399,0
871,00976,2,0.01409089194,0
872,00976,1,0.00460503268,0
873,00994,1,0.01076342992,0
874,00994,1,0.01215006266,0
875,00994,1,0.006669435628,0
876,00994,0,0.03301564034,1
877,00994,0,0.02588548053,0
878,00994,0,0.03404950601,1
879,00994,0,0.03904230338,1
880,00994,0,0.05125240438,1
881,00994,2,0.01643682471,0
882,00994,0,0.02422401174,0
883,00994,0,0.01486013197,0
884,00994,1,0.005438618088,0
885,01017,0,0.01608515003,0
886,01017,0,0.01480930011,0
887,01017,0,0.01470321676,0
888,01034,0,0.02064961203,0
889,01034,0,0.02649786056,0
890,01034,0,0.02370927988,0
891,01034,0,0.02721916239,0
892,01034,0,0.02432474249,0
893,01034,0,0.01373195622,0
894,01043,0,0.01895980572,0
895,01043,0,0.03323358517,1
896,01043,0,0.03592336184,1
897,01043,0,0.02064347017,0
898,01043,0,0.0376663236,1
899,01043,0,0.02790494462,0
900,01043,0,0.0190567773,0
901,01043,1,0.007404630975,0
902,01079,0,0.02882290489,0
903,01079,0,0.02287504732,0
904,01093,1,0.009895013158,0
905,01093,1,0.006285284768,0
906,01093,1,0.007770535148,0
907,01093,1,0.006287728305,0
908,01093,1,0.005917383471,0
909,01101,1,0.009898918558,0
910,01101,1,0.00633874022,0
911,01101,1,0.00707280033,0
912,01101,1,0.006775160257,0
913,01101,1,0.005996437581,0
914,01115,0,0.007546151678,0
915,01115,0,0.03360063222,1
916,01115,0,0.01512771985,0
917,01115,0,0.02954219139,0
918,01122,0,0.02190586817,0
919,01122,0,0.01816209319,0
920,01122,0,0.01804405114,0
921,01122,0,0.0277399188,0
922,01122,0,0.02290232714,0
923,01122,0,0.006666959592,0
924,01122,0,0.006770458244,0
925,01136,1,0.006042779176,0
926,01136,0,0.02769820495,0
927,01136,0,0.005310298554,0
928,01136,0,0.01184909909,0
929,01136,0,0.02726299516,0
930,01147,0,0.01177179716,0
931,01147,0,0.01879910558,0
932,01147,0,0.005815885723,0
933,01147,0,0.004879604799,0
934,01147,0,0.03323853926,1
935,01147,1,0.008809637417,0
936,01156,0,0.02141397684,0
937,01156,0,0.01143598151,0
938,01156,0,0.01759485146,0
939,01165,1,0.003804133307,0
940,01165,1,0.02501296111,0
941,01165,1,0.02371349882,0
942,01165,1,0.03747783944,1
943,01186,1,0.02643870211,0
944,01186,1,0.04105722438,1
945,01186,1,0.01148219722,0
946,01186,1,0.01647074841,0
947,01186,0,0.04113159858,1
948,01186,0,0.07681266293,1
949,01186,0,0.02370190141,0
950,01186,0,0.0443051146,1
951,01186,0,0.04981370884,1
952,01186,1,0.01372718545,0
953,01186,1,0.008133609858,0
954,01186,1,0.01846963523,0
955,01186,1,0.03014023585,1
956,01186,1,0.02380776869,0
957,01186,1,0.009320619872,0
958,01186,1,0.0149295016,0
959,01186,1,0.04513424656,1
960,01186,3,0.01965205826,0
961,01186,3,0.01669131999,0
962,01186,0,0.02369757594,0
963,01186,0,0.02397622144,0
964,01186,0,0.02527874194,0
965,01204,0,0.01491288892,0
966,01204,0,0.01617960227,0
967,01204,1,0.04937598458,1
968,01204,1,0.02725355341,0
969,01204,1,0.01364499186,0
970,01204,1,0.01830549133,0
971,01204,1,0.01216519013,0
972,01204,3,0.00783482851,0
973,01204,1,0.04555545883,1
974,01204,1,0.01999303878,0
975,01204,1,0.03447157266,1
976,01204,1,0.00752190098,0
977,01204,0,0.03351213179,1
978,01204,0,0.03103439217,1
979,01212,1,0.009990378026,0
980,01212,0,0.01905949978,0
981,01212,0,0.02012256457,0
982,01212,1,0.01779566892,0
983,01212,1,0.03751255527,1
984,01212,0,0.03922748907,1
985,01212,1,0.02559601846,0
986,01223,3,0.02080408944,0
987,01223,3,0.01567684693,0
988,01223,1,0.007243743716,0
989,01223,1,0.01421515151,0
990,01223,0,0.05353244024,1
991,01223,0,0.02672879122,0
992,01223,0,0.04486254823,1
993,01223,0,0.05162929456,1
994,01223,4,0.03772715047,1
995,01223,4,0.05540784418,1
996,01223,1,0.01442971512,0
997,01223,1,0.01480344723,0
998,01223,1,0.02157553564,0
999,01223,1,0.0160043193,0
1000,01223,1,0.00618044036,0
1001,01223,1,0.01819520788,0
1002,01223,1,0.006470745136,0
1003,01223,1,0.02208631887,0
1004,01223,1,0.03655478243,1
1005,01223,1,0.0441665206,1
1006,01223,1,0.02719969959,0
1007,01223,1,0.0182011136,0
1008,01223,1,0.04209435137,1
1009,01223,0,0.01672284415,0
1010,01223,0,0.02058522229,0
1011,01227,5,0.006052550522,0
1012,01227,0,0.006887343869,0
1013,01227,1,0.007793234937,0
1014,01227,1,0.01728684942,0
1015,01227,1,0.01067354008,0
1016,01227,1,0.005922067034,0
1017,01227,3,0.006772602587,0
1018,01242,1,0.006516360152,0
1019,01242,1,0.0104899112,0
1020,01242,1,0.01856713894,0
1021,01242,5,0.006626443974,0
1022,01242,3,0.01835406317,0
1023,01249,1,0.005883740287,0
1024,01249,1,0.00696362203,0
1025,01249,1,0.02395087863,0
1026,01249,1,0.01782910255,0
1027,01267,2,0.004940927413,0
1028,01270,3,0.006469832986,0
1029,01270,3,0.006542476359,0
1030,01270,1,0.01462473673,0
1031,01270,1,0.01076055187,0
1032,01270,1,0.008333141707,0
1033,01270,1,0.005811831538,0
1034,01270,1,0.008234058274,0
1035,01270,1,0.01418772464,0
1036,01270,3,0.01213171231,0
1037,01299,1,0.00719161345,0
1038,01299,1,0.006147475535,0
1039,01299,1,0.007050932456,0
1040,01299,0,0.002722964429,0
1041,01299,0,0.001858773014,0
1042,01299,0,0.002936097256,0
1043,01299,3,0.007505734815,0
1044,01301,0,0.02150221169,0
1045,01301,0,0.0210913087,0
1046,01320,0,0.02300064126,0
1047,01320,0,0.02051400328,0
1048,01331,0,0.02451937278,0
1049,01331,0,0.02252061966,0
1050,01331,0,0.02041579458,0
1051,01345,0,0.03728305599,1
1052,01345,0,0.03030668967,1
1053,01345,0,0.02524736023,0
1054,01345,0,0.0250339235,0
1055,01345,0,0.01119542153,0
1056,01345,0,0.01943600727,0
1057,01345,0,0.04492342928,1
1058,01345,0,0.02069664276,0
1059,01345,0,0.02346999929,0
1060,01345,0,0.03632084626,1
1061,01345,0,0.02281488832,0
1062,01388,0,0.03524278489,1
1063,01388,0,0.03310213945,1
1064,01388,0,0.02203145283,0
1065,01388,0,0.02612295496,0
1066,01388,0,0.03786321704,1
1067,01388,0,0.02320829185,0
1068,01393,0,0.02312341242,0
1069,01393,0,0.02298630376,0
1070,01393,0,0.03178316138,1
1071,01406,0,0.02161540533,0
1072,01406,0,0.02579733805,0
1073,01406,0,0.03287922296,1
1074,01413,0,0.0184795388,0
1075,01415,0,0.02437536875,0
1076,01422,0,0.02303436497,0
1077,01422,0,0.02194092106,0
1078,01422,0,0.02952494108,0
1079,01432,0,0.007789774649,0
1080,01432,0,0.005541408892,0
1081,01432,0,0.002019499387,0
1082,01432,0,0.004354764668,0
1083,01437,0,0.005810153144,0
1084,01437,0,0.003903666778,0
1085,01442,0,0.003807803171,0
1086,01442,0,0.006299925418,0
1087,01442,0,0.007508616409,0
1088,01442,0,0.006324667661,0
1089,01443,0,0.004486501834,0
1090,01443,0,0.007480419404,0
1091,01443,0,0.01008853556,0
1092,01443,0,0.007604969902,0
1093,01454,1,0.02216022422,0
1094,01454,1,0.01938984341,0
1095,01454,1,0.02712118664,0
1096,01454,1,0.02421319235,0
1097,01454,1,0.03408649585,1
1098,01454,1,0.02351438129,0
1099,01454,1,0.02067536951,0
1100,01454,1,0.02496997503,0
1101,01454,1,0.0229222801,0
1102,01454,1,0.02974633402,1
1103,01454,4,0.0238208619,0
1104,01454,0,0.01705851111,0
1105,01454,1,0.0264827718,0
1106,01454,1,0.01316039583,0
1107,01454,1,0.01687761444,0
1108,01454,1,0.01245017488,0
1109,01462,1,0.01374155984,0
1110,01462,1,0.01177589671,0
1111,01462,1,0.02476284306,0
1112,01462,1,0.02107351218,0
1113,01462,1,0.02502617465,0
1114,01462,1,0.02354253557,0
1115,01462,1,0.02964282267,1
1116,01462,1,0.02477013483,0
1117,01462,1,0.01831570773,0
1118,01462,1,0.01309514371,0
1119,01462,1,0.02334308043,0
1120,01462,1,0.02405509421,0
1121,01462,1,0.02132346428,0
1122,01462,1,0.02205238321,0
1123,01462,1,0.0264793184,0
1124,01462,4,0.02227710713,0
1125,01462,0,0.02079407191,0
1126,01471,1,0.01292019939,0
1127,01471,1,0.017220901,0
1128,01471,1,0.0131247014,0
1129,01471,1,0.02473083264,0
1130,01471,1,0.02392226925,0
1131,01471,1,0.02852510549,0
1132,01471,1,0.02646818792,0
1133,01471,1,0.02506422105,0
1134,01471,1,0.01973630102,0
1135,01471,1,0.02294652413,0
1136,01471,1,0.03356167083,1
1137,01471,1,0.02120278804,0
1138,01471,1,0.02344276126,0
1139,01471,1,0.02283159701,0
1140,01482,1,0.01100234868,0
1141,01482,1,0.01708678322,0
1142,01482,1,0.01298502668,0
1143,01482,1,0.02470039529,0
1144,01482,1,0.02442025457,0
1145,01482,1,0.02850563367,0
1146,01482,1,0.0242640103,0
1147,01482,1,0.02343495534,0
1148,01482,1,0.02780411579,0
1149,01482,1,0.02392759518,0
1150,01482,1,0.02392288079,0
1151,01482,1,0.0286749683,0
1152,01482,1,0.02386750767,0
1153,01482,4,0.02255658561,0
1154,01482,0,0.01884105807,0
1155,01486,1,0.01271718743,0
1156,01486,1,0.01606377188,0
1157,01486,1,0.01225248889,0
1158,01486,1,0.02423299774,0
1159,01486,1,0.0230138024,0
1160,01486,1,0.02307293973,0
1161,01486,1,0.02580896822,0
1162,01486,4,0.03331598455,1
1163,01486,0,0.02846050612,0
1164,01486,1,0.02574190107,0
1165,01486,1,0.02900376473,0
1166,01486,1,0.02895685195,0
1167,01486,1,0.02593416403,0
1168,01486,1,0.02163790279,0
1169,01486,1,0.01679602803,0
1170,01486,1,0.02778124035,0
1171,01492,2,0.01187901952,0
1172,01492,1,0.02708187366,0
1173,01492,1,0.02439672026,0
1174,01492,1,0.02451390763,0
1175,01492,1,0.02151212256,0
1176,01492,1,0.02304429441,0
1177,01492,1,0.02898897108,0
1178,01492,1,0.02437274008,0
1179,01492,5,0.01811851607,0
1180,01492,1,0.02195316597,0
1181,01494,0,0.01569589337,0
1182,01494,0,0.02317695845,0
1183,01494,0,0.01534343214,0
1184,01505,0,0.02646555546,0
1185,01505,0,0.03387260253,1
1186,01511,0,0.02495715452,0
1187,01511,0,0.02885887172,0
1188,01527,0,0.01652801101,0
1189,01527,0,0.02463524779,0
1190,01527,0,0.02022542164,0
1191,01531,0,0.02788804979,0
1192,01547,0,0.02970049601,1
1193,01562,0,0.02920917537,0
1194,01579,0,0.03033256587,1
1195,01584,1,0.01797098446,0
1196,01584,1,0.03022961273,1
1197,01584,1,0.0270831136,0
1198,01584,1,0.04300971035,1
1199,01584,1,0.0173371411,0
1200,01584,1,0.03760497319,1
1201,01584,4,0.01182168703,0
1202,01584,0,0.009727600958,0
1203,01587,1,0.009019322784,0
1204,01587,1,0.03870562696,1
1205,01587,1,0.03286777557,1
1206,01587,1,0.04807580776,1
1207,01587,4,0.0238518732,0
1208,01587,0,0.02051324374,0
1209,01599,1,0.01428267341,0
1210,01599,1,0.02004671945,0
1211,01599,1,0.04495671013,1
1212,01599,1,0.03116758128,1
1213,01599,1,0.03081549144,1
1214,01599,1,0.04541805902,1
1215,01599,1,0.034004675,1
1216,01599,0,0.044080575,1
1217,01599,4,0.07621722939,1
1218,01608,1,0.01265818786,0
1219,01608,1,0.0396011279,1
1220,01608,1,0.03241115802,1
1221,01608,1,0.02380230234,0
1222,01608,1,0.05335050516,1
1223,01608,1,0.04872525712,1
1224,01608,1,0.02267537619,0
1225,01608,1,0.02294885981,0
1226,01608,1,0.042984668,1
1227,01608,0,0.04351099508,1
1228,01608,4,0.06814114293,1
1229,01640,1,0.03391733222,1
1230,01640,1,0.01666840207,0
1231,01640,0,0.02694263554,0
1232,01640,1,0.05067741579,1
1233,01640,1,0.02623052052,0
1234,01640,1,0.07894801009,1
1235,01640,1,0.01243159562,0
1236,01659,1,0.02633220137,0
1237,01659,0,0.02051777662,0
1238,01659,1,0.01708230483,0
1239,01659,1,0.0355971791,1
1240,01659,1,0.03377617736,1
1241,01659,1,0.07220188236,1
1242,01659,1,0.06711125755,1
1243,01659,1,0.0129660804,0
1244,01659,0,0.03169208439,1
1245,01670,1,0.007023344797,0
1246,01670,1,0.01846967941,0
1247,01670,1,0.01475613886,0
1248,01670,1,0.03549851986,1
1249,01670,1,0.02616564596,0
1250,01670,0,0.03167396119,1
1251,01670,5,0.02188624242,0
1252,01673,1,0.01611085141,0
1253,01673,1,0.02407755407,0
1254,01673,5,0.02627993882,0
1255,01673,1,0.01471297052,0
1256,01673,0,0.03339092197,1
1257,01707,5,0.01182206124,0
1258,01707,0,0.02305221063,0
1259,01707,1,0.04477212146,1
1260,01707,1,0.05831345568,1
1261,01707,1,0.06927526127,1
1262,01707,1,0.0222682228,0
1263,01710,0,0.02792929853,0
1264,01710,0,0.05420942033,1
1265,01710,0,0.04014975571,1
1266,01724,0,0.02943762672,0
1267,01724,0,0.03929714299,1
1268,01724,0,0.03887266207,1
1269,01729,0,0.03989643171,1
1270,01729,0,0.05765438623,1
1271,01729,0,0.03949911141,1
1272,01741,0,0.04201879252,1
1273,01741,0,0.03531376222,1
1274,01741,0,0.02650489521,0
1275,01741,0,0.03751950404,1
1276,01760,0,0.02470004723,0
1277,01760,0,0.03676848571,1
1278,01773,0,0.03137562909,1
1279,01773,0,0.03629868592,1
1280,01773,0,0.02819189751,0
1281,01779,0,0.03546896188,1
1282,01779,0,0.03540881915,1
1283,01783,0,0.02906370577,0
1284,01783,0,0.02680812241,0
1285,01783,0,0.02127445574,0
1286,01789,0,0.02946450056,0
1287,01789,0,0.02850698666,0
1288,01789,0,0.03933838487,1
1289,01803,0,0.06583041078,1
1290,01803,0,0.04143168924,1
1291,01806,0,0.05951941745,1
1292,01806,0,0.03467727416,1
1293,01807,0,0.06262255998,1
1294,01807,0,0.03751419092,1
1295,01811,0,0.02459459933,0
1296,01811,0,0.03969772534,1
1297,01828,0,0.05252460125,1
1298,01828,0,0.04442033851,1
1299,01845,0,0.04995793418,1
1300,01845,0,0.03138747056,1
1301,01856,0,0.0306839539,1
1302,01856,0,0.03609105796,1
1303,01861,0,0.02615893827,0
1304,01861,0,0.03803315123,1
1305,01867,0,0.04021793207,1
1306,01867,0,0.03379610601,1
1307,01867,0,0.04120122203,1
1308,01867,0,0.0274885602,0
1309,01867,0,0.04002405794,1
1310,01867,0,0.05006796858,1
1311,01867,0,0.0233538675,0
1312,01867,0,0.0290708381,0
1313,01899,0,0.01663406011,0
1314,01899,0,0.02537648755,0
1315,01899,0,0.02721683324,0
1316,01899,0,0.0238671014,0
1317,01899,0,0.02983477344,1
1318,01899,0,0.02689293776,0
1319,01899,0,0.02277362724,0
1320,01899,0,0.01577735193,0
1321,01911,0,0.02866414258,0
1322,01911,0,0.02107789798,0
1323,01911,0,0.02728842685,0
1324,01911,0,0.02739798663,0
1325,01911,0,0.02936048762,0
1326,01911,0,0.02458587882,0
1327,01911,0,0.0360407979,1
1328,01911,0,0.01745041953,0
1329,01912,0,0.06355275562,1
1330,01912,0,0.02961855768,1
1331,01913,0,0.09276507174,1
1332,01913,0,0.02431796949,0
1333,01919,0,0.09364635652,1
1334,01919,0,0.02963673752,1
1335,01929,0,0.05581771081,1
1336,01929,0,0.02797609381,0
1337,01937,0,0.03681052821,1
1338,01937,0,0.0412312994,1
1339,01937,0,0.04298928617,1
1340,01937,0,0.04366992349,1
1341,01937,0,0.05578653373,1
1342,01937,0,0.03467282539,1
1343,01937,0,0.05071261951,1
1344,01937,0,0.03443021418,1
1345,01937,0,0.03384311864,1
1346,01937,0,0.03752246029,1
1347,01937,0,0.04230120459,1
1348,01937,0,0.03969452284,1
1349,01937,0,0.0429941058,1
1350,01937,0,0.04729734251,1
1351,01937,0,0.03602622739,1
1352,01937,0,0.04137514406,1
1353,01937,0,0.06160460504,1
1354,01937,0,0.0372833748,1
1355,01937,0,0.03982684604,1
1356,01937,0,0.03851500827,1
1357,01937,0,0.03990360012,1
1358,01937,0,0.04062736671,1
1359,01937,0,0.04692739499,1
1360,01937,0,0.03102262225,1
1361,01937,0,0.04561482161,1
1362,01937,0,0.04070627201,1
1363,01937,0,0.03053364195,1
1364,01937,0,0.0435367377,1
1365,01937,0,0.03422311534,1
1366,01937,0,0.05223374089,1
1367,01937,0,0.03864095426,1
1368,01937,0,0.02566356534,0
1369,01937,0,0.03188119189,1
1370,01937,0,0.02382474661,0
1371,01937,0,0.02895443648,0
1372,01937,0,0.05281179145,1
1373,01947,0,0.05359310797,1
1374,01947,0,0.02738134367,0
1375,01947,0,0.03121436103,1
1376,01947,0,0.02865970302,0
1377,01947,0,0.04443953309,1
1378,01947,0,0.04082504022,1
1379,01947,0,0.05009683688,1
1380,01947,0,0.03806501258,1
1381,01947,0,0.04480766864,1
1382,01947,0,0.04090052691,1
1383,01947,0,0.04421066381,1
1384,01947,0,0.05112005696,1
1385,01947,0,0.07400447607,1
1386,01947,0,0.03944192611,1
1387,01947,0,0.04752013222,1
1388,01947,0,0.04785881345,1
1389,01947,0,0.03830413512,1
1390,01947,0,0.04829890668,1
1391,01947,0,0.04311801511,1
1392,01947,0,0.05346179833,1
1393,01947,0,0.04776941176,1
1394,01947,0,0.0534225453,1
1395,01947,0,0.03463234414,1
1396,01947,0,0.05126315701,1
1397,01947,0,0.06941578825,1
1398,01947,0,0.04019706425,1
1399,01947,0,0.04076968417,1
1400,01947,0,0.04688193893,1
1401,01947,0,0.04229385874,1
1402,01947,0,0.04324150172,1
1403,01947,0,0.03734222836,1
1404,01947,0,0.02818595399,0
1405,01947,0,0.03328162391,1
1406,01947,0,0.03895921499,1
1407,01947,0,0.06298425365,1
1408,01947,0,0.06308824597,1
1409,01947,0,0.03514402944,1
1410,01947,0,0.03660478238,1
1411,01947,0,0.0381394854,1
1412,01947,0,0.02839988588,0
1413,01947,0,0.03268825137,1
1414,01947,0,0.03619282004,1
1415,01947,0,0.03350920285,1
1416,01947,0,0.03615596364,1
1417,01947,0,0.03034249891,1
1418,01954,0,0.0504585387,1
1419,01954,0,0.02755710967,0
1420,01954,0,0.03418498719,1
1421,01954,0,0.03736130492,1
1422,01954,0,0.04000873923,1
1423,01954,0,0.04876967767,1
1424,01954,0,0.05182500108,1
1425,01954,0,0.03349124552,1
1426,01954,0,0.04255519061,1
1427,01954,0,0.03479050045,1
1428,01954,0,0.045273019,1
1429,01954,0,0.04171629322,1
1430,01954,0,0.0513841988,1
1431,01954,0,0.04398693079,1
1432,01954,0,0.05228972793,1
1433,01954,0,0.03687259031,1
1434,01954,0,0.0540471906,1
1435,01954,0,0.04009801168,1
1436,01954,0,0.03301191336,1
1437,01954,0,0.03909584764,1
1438,01954,0,0.03818617221,1
1439,01954,0,0.04008074888,1
1440,01954,0,0.06699234085,1
1441,01954,0,0.02890067094,0
1442,01954,0,0.04306886417,1
1443,01954,0,0.04015240163,1
1444,01954,0,0.03753011202,1
1445,01954,0,0.0354260435,1
1446,01954,0,0.06439038913,1
1447,01954,0,0.03691938469,1
1448,01954,0,0.04152452382,1
1449,01954,0,0.05588445598,1
1450,01954,0,0.05384628874,1
1451,01954,0,0.02604062121,0
1452,01954,0,0.02855290099,0
1453,01954,0,0.04603885668,1
1454,01954,0,0.05719753975,1
1455,01954,0,0.02724128247,0
1456,01954,0,0.03647054328,1
1457,01954,0,0.0320360507,1
1458,01963,0,0.04498503971,1
1459,01963,0,0.02950119256,0
1460,01963,0,0.03280049208,1
1461,01963,0,0.04264062546,1
1462,01963,0,0.05199340619,1
1463,01963,0,0.04618215081,1
1464,01963,0,0.04290394986,1
1465,01963,0,0.0362725187,1
1466,01963,0,0.03843641351,1
1467,01963,0,0.03228878246,1
1468,01963,0,0.04333487999,1
1469,01963,0,0.04461634743,1
1470,01963,0,0.04232868476,1
1471,01963,0,0.0416817441,1
1472,01963,0,0.03870206979,1
1473,01963,0,0.04333560683,1
1474,01963,0,0.03277646052,1
1475,01963,0,0.04356120178,1
1476,01963,0,0.04636120271,1
1477,01963,0,0.02869331505,0
1478,01963,0,0.04408428826,1
1479,01963,0,0.03631224571,1
1480,01963,0,0.04487106088,1
1481,01963,0,0.03760531186,1
1482,01963,0,0.06229366943,1
1483,01963,0,0.05548228836,1
1484,01963,0,0.03806775993,1
1485,01963,0,0.04326389882,1
1486,01963,0,0.05570394727,1
1487,01963,0,0.04088449666,1
1488,01963,0,0.03667349005,1
1489,01963,0,0.03739299452,1
1490,01963,0,0.03571041035,1
1491,01963,0,0.0306923049,1
1492,01963,0,0.04710167925,1
1493,01977,0,0.05098525957,1
1494,01977,0,0.03301687852,1
1495,01977,0,0.04724745111,1
1496,01977,0,0.05264278318,1
1497,01977,0,0.04299430083,1
1498,01977,0,0.04811335177,1
1499,01977,0,0.04472525955,1
1500,01977,0,0.04409114742,1
1501,01977,0,0.04234420089,1
1502,01977,0,0.03906379723,1
1503,01977,0,0.0313467361,1
1504,01977,0,0.03860760117,1
1505,01977,0,0.04810044298,1
1506,01977,0,0.0296429696,1
1507,01977,0,0.03289108083,1
1508,01977,0,0.04284450753,1
1509,01977,0,0.03912183766,1
1510,01977,0,0.03153417246,1
1511,01977,0,0.03691746164,1
1512,01977,0,0.04803155378,1
1513,01977,0,0.04578755735,1
1514,01977,0,0.06082438837,1
1515,01977,0,0.03923113648,1
1516,01977,0,0.05065079121,1
1517,01977,0,0.06496238461,1
1518,01977,0,0.04159315116,1
1519,01977,0,0.051610644,1
1520,01977,0,0.03314430526,1
1521,01977,0,0.04995124011,1
1522,01977,0,0.04351265967,1
1523,01977,0,0.03959457728,1
1524,01977,0,0.03929078166,1
1525,01977,0,0.03900924992,1
1526,01977,0,0.0519700154,1
1527,01977,0,0.04017593113,1
1528,01977,0,0.04408939363,1
1529,01977,0,0.04882700952,1
1530,01981,0,0.01776484017,0
1531,01981,0,0.07860748936,1
1532,01981,0,0.0822795597,1
1533,01981,0,0.05729461636,1
1534,01981,0,0.03879926493,1
1535,01981,0,0.05566263087,1
1536,01981,0,0.0571906775,1
1537,01981,0,0.04558295754,1
1538,01981,0,0.03500852611,1
1539,01981,0,0.0518117432,1
1540,01981,0,0.04360771844,1
1541,01981,0,0.03805913859,1
1542,01981,0,0.02553064126,0
1543,01981,0,0.04263809601,1
1544,01981,0,0.03733075245,1
1545,01981,0,0.04615551661,1
1546,01981,0,0.02849033627,0
1547,01981,0,0.03927890175,1
1548,01981,0,0.05017406039,1
1549,01981,0,0.04760115644,1
1550,01981,0,0.03164170977,1
1551,01981,0,0.02299053731,0
1552,01981,0,0.03430008391,1
1553,01981,0,0.03759508541,1
1554,01981,0,0.04599563955,1
1555,01981,0,0.06915064249,1
1556,01981,0,0.05305928013,1
1557,01981,0,0.05833873373,1
1558,01981,0,0.02933985184,0
1559,01981,0,0.03517994755,1
1560,01981,0,0.03849455819,1
1561,01981,0,0.03448306384,1
1562,01981,0,0.06143498438,1
1563,01981,0,0.05079394564,1
1564,01981,0,0.04613565241,1
1565,01981,0,0.04234404017,1
1566,01981,0,0.03930253785,1
1567,01981,0,0.0740462301,1
1568,01985,0,0.02507722147,0
1569,01985,0,0.05207004088,1
1570,01985,0,0.0426145581,1
1571,01985,0,0.0303445444,1
1572,01985,0,0.0425516538,1
1573,01985,0,0.03809550748,1
1574,01985,0,0.05064178215,1
1575,01985,0,0.02833620289,0
1576,01985,0,0.0358949246,1
1577,01985,0,0.02983612422,1
1578,01985,0,0.03540382076,1
1579,01985,0,0.04423502538,1
1580,01985,0,0.03650115223,1
1581,01985,0,0.03209523089,1
1582,01985,0,0.04259918379,1
1583,01985,0,0.04565720896,1
1584,01985,0,0.0333894452,1
1585,01985,0,0.04104788431,1
1586,01985,0,0.03719467231,1
1587,01985,0,0.05771091566,1
1588,01985,0,0.04377554844,1
1589,01985,0,0.03900577734,1
1590,01985,0,0.03422833089,1
1591,01985,0,0.03741879001,1
1592,01985,0,0.0404035611,1
1593,01985,0,0.0445621038,1
1594,01985,0,0.05845825976,1
1595,01985,0,0.03830838388,1
1596,01985,0,0.04252161009,1
1597,01985,0,0.04498618527,1
1598,01985,0,0.031140472,1
1599,01985,0,0.04631199717,1
1600,01985,0,0.03592083452,1
1601,01994,1,0.01477677631,0
1602,01994,1,0.0170503541,0
1603,01994,1,0.04913303252,1
1604,01994,1,0.01915254911,0
1605,01994,1,0.02138365658,0
1606,01996,1,0.01573017243,0
1607,01996,1,0.03099295799,1
1608,01996,1,0.02126506636,0
1609,01996,1,0.01622862451,0
1610,01996,1,0.06145840662,1
1611,02002,1,0.02099845375,0
1612,02002,1,0.03192097207,1
1613,02002,1,0.02553044805,0
1614,02002,1,0.01203818918,0
1615,02002,1,0.05547518767,1
1616,02011,1,0.01713260004,0
1617,02011,1,0.02362922837,0
1618,02011,1,0.03007119913,1
1619,02011,1,0.02611609283,0
1620,02033,1,0.02854840917,0
1621,02033,1,0.02017543117,0
1622,02033,1,0.03587600697,1
1623,02033,1,0.03687114783,1
1624,02045,1,0.01391329327,0
1625,02045,1,0.01594194957,0
1626,02045,1,0.01881801887,0
1627,02045,1,0.01321612316,0
1628,02045,3,0.01118887986,0
1629,02045,3,0.009496744385,0
1630,02045,1,0.03013720274,1
1631,02045,5,0.02553369692,0
1632,02045,5,0.01747009742,0
1633,02045,2,0.02459644093,0
1634,02045,2,0.02306483359,0
1635,02045,1,0.01415472194,0
1636,02045,1,0.01557681639,0
1637,02045,0,0.03092558352,1
1638,02045,0,0.02734470811,0
1639,02045,4,0.02931401756,0
1640,02045,1,0.02615944079,0
1641,02045,5,0.02375364161,0
1642,02045,1,0.03624865318,1
1643,02045,3,0.03555853563,1
1644,02045,2,0.02622653027,0
1645,02045,3,0.04141648433,1
1646,02073,1,0.01603423404,0
1647,02073,1,0.01981721938,0
1648,02073,5,0.01990929646,0
1649,02073,1,0.01494493417,0
1650,02073,1,0.02025739615,0
1651,02073,5,0.02573105947,0
1652,02073,2,0.02352130506,0
1653,02073,3,0.008285917465,0
1654,02073,3,0.005800751702,0
1655,02073,1,0.01196073307,0
1656,02073,1,0.01395513668,0
1657,02073,1,0.03288147655,1
1658,02073,5,0.03045360825,1
1659,02073,0,0.03221375184,1
1660,02073,0,0.02637983272,0
1661,02073,4,0.0257804009,0
1662,02073,1,0.0274749739,0
1663,02073,1,0.03627797034,1
1664,02073,3,0.03948726223,1
1665,02073,1,0.03012504454,1
1666,02073,3,0.02299972065,0
1667,02073,3,0.03849531658,1
1668,02073,1,0.0415028627,1
1669,02073,1,0.01566246457,0
1670,02073,3,0.04199262777,1
1671,02083,1,0.0116979688,0
1672,02083,1,0.0124515575,0
1673,02083,1,0.01394708414,0
1674,02083,0,0.03614676003,1
1675,02083,1,0.02708919069,0
1676,02083,1,0.03027564976,1
1677,02083,1,0.02963575874,1
1678,02083,2,0.02308938497,0
1679,02083,5,0.02439282236,0
1680,02083,2,0.0116608618,0
1681,02083,1,0.02665293779,0
1682,02083,1,0.04680203294,1
1683,02083,1,0.03415928111,1
1684,02083,0,0.025824615,0
1685,02083,4,0.02781707424,0
1686,02083,3,0.04756122452,1
1687,02083,3,0.03659625739,1
1688,02083,3,0.04084566679,1
1689,02083,3,0.0340547439,1
1690,02083,3,0.04559189798,1
1691,02083,3,0.03464378592,1
1692,02090,1,0.01285646518,0
1693,02090,5,0.01618869714,0
1694,02090,2,0.01889242792,0
1695,02090,2,0.02573984426,0
1696,02090,1,0.02512275802,0
1697,02090,3,0.04716523961,1
1698,02090,3,0.0390147817,1
1699,02090,2,0.02383815864,0
1700,02090,1,0.02973549546,1
1701,02090,0,0.03513939332,1
1702,02090,0,0.02898530121,0
1703,02090,4,0.02558640192,0
1704,02090,3,0.04708414225,1
1705,02090,3,0.03884637599,1
1706,02090,1,0.01688818415,0
1707,02090,1,0.01300975464,0
1708,02102,1,0.02038399426,0
1709,02102,1,0.02285889379,0
1710,02102,1,0.0321420831,1
1711,02102,1,0.03308979286,1
1712,02102,1,0.0301008069,1
1713,02102,1,0.04982455006,1
1714,02102,1,0.02481391885,0
1715,02102,1,0.04831110079,1
1716,02102,1,0.07737639522,1
1717,02102,1,0.06337546106,1
1718,02102,1,0.09351428727,1
1719,02102,1,0.04688837315,1
1720,02119,1,0.0291814196,0
1721,02119,1,0.0371269124,1
1722,02119,1,0.03370343229,1
1723,02119,1,0.0215101423,0
1724,02119,1,0.05061691551,1
1725,02119,1,0.07059946318,1
1726,02119,1,0.08526213592,1
1727,02119,1,0.05413702954,1
1728,02119,1,0.03389971987,1
1729,02119,0,0.03620331383,1
1730,02119,0,0.0231688828,0
1731,02120,0,0.01286823327,0
1732,02120,1,0.01449473883,0
1733,02120,1,0.02296365531,0
1734,02120,1,0.02683502806,0
1735,02120,1,0.02580154576,0
1736,02120,1,0.02608947482,0
1737,02120,1,0.03233300204,1
1738,02120,1,0.03004208161,1
1739,02120,3,0.01367899591,0
1740,02120,4,0.02183537085,0
1741,02120,0,0.01758981702,0
1742,02120,2,0.01857149811,0
1743,02120,0,0.02691482308,0
1744,02120,4,0.02439424126,0
1745,02142,1,0.02442035809,0
1746,02142,1,0.02448124996,0
1747,02142,1,0.02794752564,0
1748,02142,1,0.03455257413,1
1749,02142,1,0.04074779667,1
1750,02142,3,0.01636193201,0
1751,02142,2,0.008647629029,0
1752,02142,1,0.03336737272,1
1753,02163,1,0.0446678851,1
1754,02163,1,0.04801106668,1
1755,02163,1,0.03359853174,1
1756,02163,1,0.0446149389,1
1757,02180,1,0.03405346719,1
1758,02180,1,0.06001979212,1
1759,02180,1,0.04600118456,1
1760,02180,1,0.04267476875,1
1761,02180,1,0.04403757884,1
1762,02180,1,0.02895450812,0
1763,02180,1,0.02807408899,0
1764,02180,1,0.02111224635,0
1765,02180,2,0.02983808304,1
1766,02180,4,0.02219038778,0
1767,02180,3,0.1344901528,1
1768,02180,3,0.03000327134,1
1769,02180,0,0.01602014292,0
1770,02195,1,0.014538364,0
1771,02195,1,0.02466126681,0
1772,02195,1,0.03976515662,1
1773,02195,1,0.04514909544,1
1774,02195,1,0.0505852133,1
1775,02195,1,0.0388772118,1
1776,02195,1,0.03260727511,1
1777,02195,1,0.03925597624,1
1778,02195,1,0.03066304119,1
1779,02195,1,0.03423959696,1
1780,02195,2,0.01557511368,0
1781,02195,0,0.02573784423,0
1782,02195,0,0.01356846114,0
1783,02195,1,0.02000803457,0
1784,02195,1,0.02202445221,0
1785,02195,1,0.02359733985,0
1786,02195,1,0.01847600347,0
1787,02195,3,0.04684210924,1
1788,02195,3,0.09212110991,1
1789,02195,2,0.02250077469,0
1790,02195,0,0.02690427957,0
1791,02195,1,0.01948601329,0
1792,02213,1,0.0134493671,0
1793,02213,1,0.01772228156,0
1794,02213,1,0.02225613201,0
1795,02213,1,0.02895866372,0
1796,02213,1,0.03198421728,1
1797,02213,1,0.04081907898,1
1798,02213,1,0.04423763984,1
1799,02213,1,0.05089345129,1
1800,02213,1,0.02008888931,0
1801,02213,1,0.02827726091,0
1802,02213,1,0.02230924497,0
1803,02213,1,0.01641396879,0
1804,02213,2,0.01234152614,0
1805,02213,3,0.008585229239,0
1806,02213,3,0.01078435411,0
1807,02233,1,0.06123046121,1
1808,02233,1,0.04831313882,1
1809,02233,1,0.04683503711,1
1810,02233,1,0.03777572944,1
1811,02233,1,0.0298708585,1
1812,02233,1,0.01360225442,0
1813,02233,2,0.00900988918,0
1814,02233,4,0.03187644218,1
1815,02233,0,0.02674218119,0
1816,02236,1,0.01449503825,0
1817,02236,1,0.03906569501,1
1818,02236,1,0.04366166501,1
1819,02236,1,0.05738621751,1
1820,02236,1,0.07290619184,1
1821,02236,1,0.05006693235,1
1822,02236,1,0.01477222661,0
1823,02236,1,0.02362210351,0
1824,02236,1,0.02234217789,0
1825,02236,2,0.01245481379,0
1826,02236,4,0.03610202502,1
1827,02236,1,0.03804366216,1
1828,02236,1,0.0329094719,1
1829,02236,1,0.03540911816,1
1830,02236,1,0.03866649489,1
1831,02236,5,0.01932421814,0
1832,02236,0,0.02293980861,0
1833,02236,1,0.05092294144,1
1834,02249,1,0.06083799311,1
1835,02249,1,0.06721630965,1
1836,02249,1,0.0479460283,1
1837,02249,1,0.05133726179,1
1838,02249,1,0.02480749859,0
1839,02249,1,0.02800734996,0
1840,02249,2,0.01142992695,0
1841,02249,1,0.07300376852,1
1842,02278,1,0.02463929909,0
1843,02278,1,0.03365469757,1
1844,02278,1,0.03586025548,1
1845,02278,1,0.01095830312,0
1846,02278,2,0.01150692884,0
1847,02296,1,0.03338038006,1
1848,02296,1,0.0396687619,1
1849,02296,1,0.05134997144,1
1850,02296,1,0.04389044483,1
1851,02296,1,0.02177495205,0
1852,02296,2,0.008857376334,0
1853,02296,3,0.02491616833,0
1854,02296,3,0.03533163161,1
1855,02296,3,0.04402918048,1
1856,02296,3,0.02981382207,1
1857,02296,1,0.01875320146,0
1858,02296,1,0.0190794934,0
1859,02296,0,0.0323880614,1
1860,02296,4,0.04229688264,1
1861,02296,1,0.09052170361,1
1862,02296,3,0.0412110331,1
1863,02296,3,0.03445457837,1
1864,02296,3,0.04209496652,1
1865,02296,3,0.04326657057,1
1866,02310,1,0.0413414152,1
1867,02310,1,0.04551739476,1
1868,02310,1,0.03031332517,1
1869,02310,1,0.05184384439,1
1870,02310,0,0.01720629842,0
1871,02310,0,0.04867383533,1
1872,02310,0,0.04380465761,1
1873,02310,0,0.07752975571,1
1874,02310,0,0.07119972399,1
1875,02317,1,0.01596969139,0
1876,02317,1,0.02296553343,0
1877,02317,1,0.02601596087,0
1878,02317,1,0.03437158722,1
1879,02317,1,0.02568987604,0
1880,02317,1,0.04853107797,1
1881,02317,0,0.01705882842,0
1882,02317,0,0.02004290115,0
1883,02317,0,0.03922855684,1
1884,02317,1,0.04776083156,1
1885,02317,1,0.05216807375,1
1886,02322,1,0.02207763402,0
1887,02322,1,0.02975804821,1
1888,02322,1,0.04074176906,1
1889,02322,0,0.0149436049,0
1890,02322,0,0.03252418023,1
1891,02322,1,0.04560466744,1
1892,02322,0,0.04984293907,1
1893,02322,1,0.06223212051,1
1894,02322,1,0.06039549559,1
1895,02322,1,0.04730302357,1
1896,02322,1,0.1028121558,1
1897,02322,0,0.02104485106,0
1898,02337,1,0.02486584851,0
1899,02337,1,0.03204218264,1
1900,02337,1,0.0494244165,1
1901,02337,1,0.02583770346,0
1902,02337,0,0.006732143615,0
1903,02337,0,0.08248891781,1
1904,02337,1,0.03503435031,1
1905,02337,1,0.04323069304,1
1906,02337,3,0.07492507065,1
1907,02352,1,0.0172482129,0
1908,02352,1,0.02381733783,0
1909,02352,1,0.05589229157,1
1910,02352,5,0.03292195445,1
1911,02369,1,0.0194834637,0
1912,02369,1,0.02481529669,0
1913,02369,1,0.03897171284,1
1914,02369,5,0.0374965884,1
1915,02369,1,0.02712051628,0
1916,02394,1,0.01432908566,0
1917,02394,1,0.02405119505,0
1918,02394,1,0.02371359015,0
1919,02394,1,0.03518843663,1
1920,02405,1,0.04537691937,1
1921,02405,1,0.02551466895,0
1922,02405,1,0.02837145295,0
1923,02405,1,0.02996508227,1
1924,02405,1,0.02876143756,0
1925,02405,1,0.0274901771,0
1926,02440,1,0.07700354919,1
1927,02440,1,0.0439337137,1
1928,02440,5,0.03819768952,1
1929,02440,1,0.09844643726,1
1930,02440,1,0.06498060696,1
1931,02440,1,0.07021288447,1
1932,02450,1,0.05305352888,1
1933,02450,1,0.04822799661,1
1934,02450,1,0.05690772189,1
1935,02450,3,0.0395504021,1
1936,02450,5,0.03461744389,1
1937,02450,1,0.05160140268,1
1938,02450,3,0.0389878828,1
1939,02455,5,0.02503056645,0
1940,02455,1,0.02774537953,0
1941,02455,5,0.02242828149,0
1942,02455,2,0.0275912327,0
1943,02455,1,0.03991346184,1
1944,02455,1,0.03050369209,1
1945,02455,2,0.03188643527,1
1946,02455,5,0.01702404209,0
1947,02455,3,0.05803818897,1
1948,02455,3,0.04753362602,1
1949,02455,5,0.01889141862,0
1950,02464,1,0.02847873416,0
1951,02464,5,0.01569983219,0
1952,02464,1,0.01991141422,0
1953,02464,5,0.02654150139,0
1954,02464,5,0.03156957631,1
1955,02464,2,0.01835817638,0
1956,02464,5,0.02044275147,0
1957,02464,5,0.03913653124,1
1958,02464,1,0.03824103981,1
1959,02464,0,0.03269072792,1
1960,02464,3,0.03156994993,1
1961,02464,3,0.06517753204,1
1962,02464,3,0.04676257697,1
1963,02464,0,0.04491663402,1
1964,02464,5,0.01548113802,0
1965,02464,5,0.02735625318,0
1966,02464,1,0.04680260504,1
1967,02464,0,0.04627230492,1
1968,02464,1,0.03588756425,1
1969,02464,1,0.03460865089,1
1970,02464,1,0.03297545649,1
1971,02464,3,0.03128442932,1
1972,02473,1,0.01877094337,0
1973,02473,2,0.01109595226,0
1974,02473,1,0.01925170258,0
1975,02473,1,0.01474970275,0
1976,02473,1,0.03039502357,1
1977,02473,1,0.02566466707,0
1978,02473,1,0.03662368489,1
1979,02473,1,0.05166023344,1
1980,02473,1,0.03701111999,1
1981,02473,1,0.02530381672,0
1982,02473,5,0.01450946707,0
1983,02473,5,0.008752809837,0
1984,02473,5,0.02696265151,0
1985,02473,3,0.05126847279,1
1986,02473,3,0.05848999964,1
1987,02473,1,0.03162178526,1
1988,02473,0,0.06523222915,1
1989,02473,0,0.03216763335,1
1990,02473,1,0.03367773539,1
1991,02473,1,0.04182653636,1
1992,02473,5,0.02154939893,0
1993,02478,1,0.05159564318,1
1994,02478,1,0.02941788508,0
1995,02478,0,0.02676487947,0
1996,02478,0,0.02297503607,0
1997,02478,1,0.02254454082,0
1998,02478,1,0.02854467394,0
1999,02478,3,0.01581618318,0
2000,02478,3,0.02349834477,0
2001,02478,0,0.03723815755,1
2002,02478,0,0.0448496475,1
2003,02478,1,0.03404712809,1
2004,02486,1,0.01819399333,0
2005,02486,1,0.05114013336,1
2006,02486,1,0.03626512788,1
2007,02486,1,0.04231314545,1
2008,02486,1,0.04745637788,1
2009,02486,1,0.03446765252,1
2010,02486,0,0.02235932696,0
2011,02486,0,0.0734640009,1
2012,02486,0,0.04598421484,1
2013,02486,0,0.04775381346,1
2014,02486,3,0.05328342649,1
2015,02486,3,0.05542781626,1
2016,02495,0,0.02800871783,0
2017,02495,0,0.0246120435,0
2018,02495,0,0.02351847847,0
2019,02495,0,0.02629533135,0
2020,02495,0,0.0258036858,0
2021,02495,0,0.02685117235,0
2022,02495,0,0.02873648601,0
2023,02495,1,0.03886071769,1
2024,02495,1,0.03853386532,1
2025,02495,1,0.03384998786,1
2026,02495,1,0.05208621263,1
2027,02495,3,0.08230491455,1
2028,02495,3,0.04398015608,1
2029,02495,1,0.03995956371,1
2030,02522,0,0.02286745759,0
2031,02522,0,0.01946745412,0
2032,02522,0,0.01729169595,0
2033,02522,5,0.0259154349,0
2034,02522,5,0.01488383697,0
2035,02527,5,0.01195023795,0
2036,02527,5,0.004947103269,0
2037,02527,5,0.002138583309,0
2038,02530,0,0.0007442384665,0
2039,02530,0,0.0005633618241,0
2040,02530,5,0.01283005527,0
2041,02530,5,0.003407858378,0
2042,02530,5,0.002011056591,0
2043,02533,0,0.01202193173,0
2044,02533,0,0.01597328328,0
2045,02533,5,0.03135611504,1
2046,02533,5,0.03148548447,1
2047,02533,5,0.01566057302,0
2048,02544,5,0.03794111908,1
2049,02544,5,0.0182538297,0
2050,02544,5,0.009867077313,0
2051,02556,5,0.0247579555,0
2052,02556,5,0.01649675656,0
2053,02556,2,0.0194901828,0
2054,02556,1,0.02938583138,0
2055,02556,0,0.01053808729,0
2056,02572,5,0.01890143112,0
2057,02572,5,0.02219466068,0
2058,02572,5,0.02940648324,0
2059,02572,5,0.01371962933,0
2060,02572,2,0.01133118199,0
2061,02606,5,0.01364329401,0
2062,02606,5,0.01012612174,0
2063,02606,1,0.01421534326,0
2064,02606,0,0.01943775729,0
2065,02606,1,0.02690947151,0
2066,02606,1,0.02330942121,0
2067,02606,3,0.04203674265,1
2068,02606,1,0.04167073615,1
2069,02606,3,0.02567330524,0
2070,02611,5,0.007283350429,0
2071,02611,1,0.008312648114,0
2072,02611,5,0.009973831355,0
2073,02611,5,0.01209670484,0
2074,02611,1,0.01208642758,0
2075,02611,1,0.0157057414,0
2076,02624,1,0.01444946413,0
2077,02624,1,0.03002259853,1
2078,02624,1,0.02125676442,0
2079,02624,1,0.02218945636,0
2080,02624,5,0.01299738812,0
2081,02624,1,0.0281808943,0
2082,02624,1,0.0147632508,0
2083,02624,1,0.02645266416,0
2084,02624,1,0.01774788612,0
2085,02624,1,0.02095814687,0
2086,02624,1,0.03314848373,1
2087,02624,1,0.03462918857,1
2088,02624,5,0.03135882349,1
2089,02624,1,0.02911066216,0
2090,02624,1,0.02313522093,0
2091,02624,1,0.01489725307,0
2092,02641,1,0.007726673337,0
2093,02641,1,0.009023882976,0
2094,02641,1,0.009671985021,0
2095,02641,1,0.008315577507,0
2096,02641,1,0.007889011689,0
2097,02641,5,0.005871208066,0
2098,02651,1,0.0140904915,0
2099,02651,1,0.02339976906,0
2100,02651,1,0.03765333312,1
2101,02651,1,0.01195236995,0
2102,02651,0,0.03975211659,1
2103,02651,1,0.03549593614,1
2104,02651,5,0.01871340302,0
2105,02658,1,0.0301091787,1
2106,02658,0,0.01545551307,0
2107,02658,1,0.013409467,0
2108,02658,1,0.01837236658,0
2109,02658,1,0.03258489457,1
2110,02658,5,0.0249230033,0
2111,02667,1,0.03060783482,1
2112,02667,1,0.02884431155,0
2113,02667,1,0.01926112268,0
2114,02667,1,0.02074877826,0
2115,02667,1,0.04508082426,1
2116,02667,5,0.01709461874,0
2117,02667,5,0.01939287784,0
2118,02709,1,0.02534258186,0
2119,02709,1,0.03118730201,1
2120,02709,1,0.03142329106,1
2121,02709,1,0.02956721253,0
2122,02709,1,0.03189848362,1
2123,02709,5,0.04296210912,1
2124,02709,1,0.01989601383,0
2125,02709,1,0.02276917113,0
2126,02709,1,0.03160348146,1
2127,02709,1,0.04008084474,1
2128,02720,2,0.01331297411,0
2129,02720,1,0.02423972712,0
2130,02720,1,0.01855349492,0
2131,02720,1,0.03090734919,1
2132,02720,1,0.02616907902,0
2133,02720,1,0.02196335397,0
2134,02720,1,0.0554138585,1
2135,02720,1,0.01420189764,0
2136,02720,3,0.02641235924,0
2137,02720,0,0.0309864536,1
2138,02720,4,0.04830016721,1
2139,02720,0,0.03201989964,1
2140,02720,1,0.01779671952,0
2141,02720,0,0.01538972251,0
2142,02731,0,0.02326427163,0
2143,02731,1,0.01703847415,0
2144,02731,1,0.01816066649,0
2145,02731,1,0.0383248409,1
2146,02731,1,0.04309044274,1
2147,02739,1,0.007776726142,0
2148,02739,0,0.0189529296,0
2149,02739,0,0.01143935996,0
2150,02739,0,0.01217048023,0
2151,02739,0,0.03023622083,1
2152,02739,1,0.0354200642,1
2153,02754,5,0.0210212045,0
2154,02757,1,0.00204195564,0
2155,02762,1,0.002463392,0
2156,02778,1,0.002425695374,0
2157,02786,1,0.01056712684,0
2158,02786,1,0.0157151018,0
2159,02816,1,0.02203236907,0
2160,02816,0,0.03498976409,1
2161,02816,1,0.02977115276,1
2162,02816,1,0.02695993672,0
2163,02816,1,0.01618616883,0
2164,02821,1,0.01951527996,0
2165,02821,1,0.01707115524,0
2166,02821,1,0.01162629706,0
2167,02821,0,0.01667060165,0
2168,02846,1,0.01179812217,0
2169,02860,0,0.02389139647,0
2170,02860,1,0.02252744558,0
2171,02869,1,0.009070751651,0
2172,02869,1,0.02071543178,0
2173,02869,1,0.02319104401,0
2174,02896,1,0.02581527928,0
2175,02896,4,0.01759185522,0
2176,02896,1,0.02721790611,0
2177,02896,1,0.05742541216,1
2178,02896,1,0.04007683031,1
2179,02956,1,0.009989187834,0
2180,02956,1,0.01552452151,0
2181,02956,1,0.01527381742,0
2182,02956,1,0.02214377728,0
2183,02956,1,0.01993011406,0
2184,02956,1,0.01743811456,0
2185,02956,1,0.01102255556,0
2186,02956,1,0.01571944128,0
2187,02956,1,0.01351856888,0
2188,02956,1,0.02145997609,0
2189,02956,3,0.02176919303,0
2190,02956,3,0.04910517282,1
2191,02956,3,0.01636025035,0
2192,02956,2,0.01105114969,0
2193,02956,3,0.02337477696,0
2194,02956,1,0.02737940528,0
2195,02956,1,0.02433982402,0
2196,02956,3,0.01372572328,0
2197,02956,3,0.05072480856,1
2198,03019,1,0.02633281683,0
2199,03019,1,0.01919679011,0
2200,03019,1,0.03352302363,1
2201,03019,1,0.03277516787,1
2202,03019,1,0.01702093773,0
2203,03019,1,0.01979918064,0
2204,03019,1,0.02767639991,0
2205,03019,1,0.06112189782,1
2206,03019,3,0.03742236128,1
2207,03019,3,0.03237743159,1
2208,03019,1,0.02954685171,0
2209,03045,1,0.02914785249,0
2210,03045,1,0.01841830661,0
2211,03045,1,0.03300443443,1
2212,03045,1,0.046035505,1
2213,03045,1,0.03832594498,1
2214,03045,1,0.03657499029,1
2215,03045,1,0.02242644392,0
2216,03045,4,0.01388883764,0
2217,03045,0,0.02026671741,0
2218,03045,2,0.01652136758,0
2219,03045,5,0.03454434937,1
2220,03100,1,0.02067286674,0
2221,03100,1,0.0418367707,1
2222,03100,1,0.04602902532,1
2223,03109,1,0.02351500202,0
2224,03109,1,0.0198609971,0
2225,03109,5,0.02828234507,0
2226,03109,1,0.0178637174,0
2227,03109,3,0.06450917578,1
2228,03109,3,0.05032333351,1
2229,03143,1,0.02351823231,0
2230,03143,1,0.0214257132,0
2231,03143,1,0.01979744413,0
2232,03143,3,0.07301331021,1
2233,03143,3,0.05064324545,1
2234,03173,1,0.01549816805,0
2235,03173,1,0.01563007136,0
2236,03173,1,0.02309632526,0
2237,03173,1,0.0265396805,0
2238,03219,1,0.0101415255,0
2239,03219,1,0.03971114551,1
2240,03219,1,0.0537051432,1
2241,03219,1,0.03638207623,1
2242,03219,1,0.05913732813,1
2243,03219,1,0.03298057329,1
2244,03219,1,0.04563806553,1
2245,03219,1,0.04337519518,1
2246,03219,1,0.04867781848,1
2247,03219,1,0.04057712538,1
2248,03219,1,0.04909248318,1
2249,03219,1,0.05682095715,1
2250,03219,1,0.02839498118,0
2251,03219,1,0.01770735518,0
2252,03219,1,0.01541154552,0
2253,03219,1,0.01251792647,0
2254,03219,5,0.01918506048,0
2255,03219,1,0.01937422296,0
2256,03219,0,0.01976154242,0
2257,03260,1,0.01624938214,0
2258,03260,1,0.03534765554,1
2259,03260,1,0.03875706242,1
2260,03260,1,0.03250334034,1
2261,03260,1,0.02085502552,0
2262,03260,3,0.02448648221,0
2263,03260,3,0.05065374157,1
2264,03260,3,0.05939765382,1
2265,03260,3,0.06772269978,1
2266,03260,3,0.0304212925,1
2267,03260,3,0.01971318344,0
2268,03281,1,0.01327335172,0
2269,03281,5,0.01284981325,0
2270,03281,1,0.03389555576,1
2271,03281,1,0.0363227779,1
2272,03281,1,0.04168145832,1
2273,03281,1,0.04120398105,1
2274,03281,1,0.03124697178,1
2275,03281,1,0.03536575732,1
2276,03281,1,0.03841104471,1
2277,03281,2,0.0257882913,0
2278,03289,1,0.0141039345,0
2279,03289,1,0.01579585709,0
2280,03289,1,0.01931796738,0
2281,03289,1,0.0215913027,0
2282,03289,1,0.02111175329,0
2283,03289,1,0.02134880709,0
2284,03289,1,0.02450312325,0
2285,03289,3,0.02262735396,0
2286,03289,3,0.06281615672,1
2287,03289,3,0.02449869718,0
2288,03289,3,0.0193520682,0
2289,03289,3,0.05128442571,1
2290,03354,1,0.03393046365,1
2291,03354,1,0.03197374951,1
2292,03354,1,0.02713889503,0
2293,03354,1,0.02120385648,0
2294,03354,1,0.02910564924,0
2295,03354,1,0.02364523372,0
2296,03354,1,0.02328188732,0
2297,03375,1,0.02367722901,0
2298,03375,1,0.02110389019,0
2299,03375,1,0.02005909503,0
2300,03375,1,0.04142489945,1
2301,03375,1,0.03289867586,1
2302,03375,1,0.03642695852,1
2303,03375,1,0.02860453166,0
2304,03375,1,0.03496736915,1
2305,03381,1,0.01138787187,0
2306,03381,1,0.01628372735,0
2307,03381,1,0.01082015702,0
2308,03381,1,0.009516143149,0
2309,03381,1,0.01145918252,0
2310,03381,1,0.01485921249,0
2311,03381,1,0.02377142049,0
2312,03381,1,0.01843760236,0
2313,03381,1,0.01897964613,0
2314,03381,1,0.01265093563,0
2315,03381,1,0.03342702781,1
2316,03381,1,0.02277986998,0
2317,03381,1,0.03726215098,1
2318,03381,4,0.01996370645,0
2319,03381,4,0.04324876917,1
2320,03381,0,0.03582189435,1
2321,03381,2,0.02961590495,0
2322,03381,3,0.01560704678,0
2323,03381,3,0.01655601243,0
2324,03381,3,0.01903519881,0
2325,03381,3,0.01115804653,0
2326,03381,3,0.02568275362,0
2327,03381,0,0.02498881288,0
2328,03381,0,0.04524442077,1
2329,03381,1,0.02245979114,0
2330,03381,1,0.02068144858,0
2331,03381,1,0.03707861003,1
2332,03381,1,0.02800030988,0
2333,03381,1,0.03478622888,1
2334,03381,1,0.02696538143,0
2335,03381,1,0.04482799779,1
2336,03381,1,0.04612944541,1
2337,03381,1,0.03210527318,1
2338,03381,0,0.04291269372,1
2339,03381,0,0.06474274669,1
2340,03381,2,0.04067757843,1
2341,03409,1,0.02559483031,0
2342,03409,1,0.01604755136,0
2343,03409,1,0.01917173035,0
2344,03409,1,0.01776086658,0
2345,03409,1,0.02211278913,0
2346,03409,1,0.01856647523,0
2347,03409,1,0.02405328155,0
2348,03409,1,0.03562648355,1
2349,03409,1,0.02837514202,0
2350,03409,1,0.03804916586,1
2351,03409,1,0.01949241883,0
2352,03409,1,0.02098423885,0
2353,03409,1,0.02868755402,0
2354,03409,1,0.03569821195,1
2355,03409,1,0.03526802085,1
2356,03409,1,0.02599132083,0
2357,03409,0,0.0288282773,0
2358,03409,4,0.07119930034,1
2359,03409,3,0.01170872032,0
2360,03409,3,0.01624550336,0
2361,03409,3,0.0150876595,0
2362,03409,3,0.01050885397,0
2363,03409,0,0.03343224963,1
2364,03409,1,0.02064291972,0
2365,03409,1,0.0370612852,1
2366,03409,4,0.01878331507,0
2367,03409,1,0.03063732859,1
2368,03417,1,0.02416662186,0
2369,03417,1,0.02380904408,0
2370,03417,1,0.03369673476,1
2371,03417,1,0.03810424509,1
2372,03417,1,0.03270890777,1
2373,03417,1,0.03686837031,1
2374,03417,1,0.05804273565,1
2375,03417,1,0.02794874929,0
2376,03417,1,0.04182020022,1
2377,03417,1,0.02753427377,0
2378,03417,1,0.02605266258,0
2379,03417,1,0.02705578121,0
2380,03417,1,0.06627137713,1
2381,03417,0,0.08212909489,1
2382,03433,1,0.009490159549,0
2383,03433,1,0.01253524858,0
2384,03433,1,0.0128615092,0
2385,03433,1,0.008560088734,0
2386,03433,1,0.01375668295,0
2387,03433,1,0.0113977376,0
2388,03433,0,0.02319373028,0
2389,03433,1,0.01578194571,0
2390,03433,0,0.01027178435,0
2391,03438,1,0.007373887289,0
2392,03438,1,0.008531869728,0
2393,03438,1,0.01232639228,0
2394,03438,1,0.006797328099,0
2395,03438,1,0.01077305972,0
2396,03438,1,0.01001494077,0
2397,03438,1,0.01192608731,0
2398,03438,1,0.01480734195,0
2399,03438,1,0.0199803832,0
2400,03438,1,0.03137068163,1
2401,03438,1,0.01435476707,0
2402,03438,1,0.01457484476,0
2403,03438,1,0.03098308796,1
2404,03438,1,0.02850589352,0
2405,03438,1,0.01215779202,0
2406,03438,4,0.03644827479,1
2407,03438,0,0.02744383244,0
2408,03462,1,0.005121388113,0
2409,03462,1,0.01062111144,0
2410,03462,1,0.02055755863,0
2411,03462,1,0.01761315596,0
2412,03462,1,0.02931545573,0
2413,03462,1,0.01491277314,0
2414,03462,1,0.01419511113,0
2415,03462,1,0.0177170943,0
2416,03462,1,0.0255351178,0
2417,03462,1,0.02096936915,0
2418,03462,5,0.03804515621,1
2419,03462,0,0.03989245285,1
2420,03462,1,0.01993690186,0
2421,03473,1,0.009909741475,0
2422,03473,1,0.008814120197,0
2423,03473,1,0.009047230007,0
2424,03473,1,0.01003511392,0
2425,03473,1,0.01868835683,0
2426,03473,5,0.0204046773,0
2427,03473,5,0.02735733357,0
2428,03473,1,0.03885458501,1
2429,03473,0,0.03602473399,1
2430,03473,0,0.03880373655,1
2431,03473,1,0.01738329283,0
2432,03473,0,0.02732478721,0
2433,03575,1,0.01078270748,0
2434,03575,1,0.0172934091,0
2435,03575,1,0.02989056623,1
2436,03575,1,0.02559175101,0
2437,03575,1,0.03019644534,1
2438,03575,1,0.009802610777,0
2439,03575,1,0.01653540674,0
2440,03575,1,0.0183671917,0
2441,03575,1,0.0389273461,1
2442,03575,1,0.03959443964,1
2443,03575,5,0.01999970024,0
2444,03575,1,0.02531672091,0
2445,03575,1,0.04498969444,1
2446,03575,0,0.03412065661,1
2447,03575,0,0.0255688419,0
2448,03575,0,0.01891232064,0
2449,03575,1,0.02758496684,0
2450,03589,1,0.01908729691,0
2451,03589,1,0.01690309043,0
2452,03589,1,0.022327428,0
2453,03589,1,0.03673788927,1
2454,03589,1,0.03378246544,1
2455,03589,0,0.04997326105,1
2456,03589,0,0.03117701121,1
2457,03589,0,0.02074273319,0
2458,03589,0,0.01958053252,0
2459,03589,1,0.02593905492,0
2460,03589,0,0.02146845288,0
2461,03600,1,0.009570086096,0
2462,03600,1,0.01635416104,0
2463,03600,1,0.01688054779,0
2464,03600,1,0.02036974932,0
2465,03600,1,0.01879346954,0
2466,03600,1,0.01467702146,0
2467,03600,1,0.01559115136,0
2468,03600,0,0.03314225538,1
2469,03600,0,0.03150021554,1
2470,03600,0,0.05707718569,1
2471,03600,0,0.06815046207,1
2472,03600,0,0.04998020629,1
2473,03600,0,0.03868672338,1
2474,03600,0,0.04950549174,1
2475,03600,0,0.05536477373,1
2476,03600,0,0.03087653075,1
2477,03600,0,0.07582522302,1
2478,03600,4,0.02995312192,1
2479,03600,0,0.04490961209,1
2480,03600,5,0.01619441206,0
2481,03640,1,0.009741282453,0
2482,03640,1,0.01385919189,0
2483,03640,1,0.01585053746,0
2484,03640,1,0.02779707358,0
2485,03640,1,0.0259919822,0
2486,03640,1,0.0208230919,0
2487,03640,0,0.02525808718,0
2488,03640,0,0.05516966256,1
2489,03640,0,0.04898922496,1
2490,03640,1,0.02302295145,0
2491,03640,0,0.05543111583,1
2492,03640,1,0.02018850579,0
2493,03640,1,0.02357469109,0
2494,03640,0,0.02866204092,0
2495,03708,1,0.02151093158,0
2496,03708,1,0.02710028839,0
2497,03708,1,0.04169176211,1
2498,03708,1,0.03631499686,1
2499,03708,1,0.03493239181,1
2500,03708,1,0.0487599633,1
2501,03708,0,0.02940486228,0
2502,03708,0,0.04413056152,1
2503,03708,0,0.02823349204,0
2504,03708,0,0.02803242518,0
2505,03708,2,0.01817337037,0
2506,03708,0,0.02707389543,0
2507,03708,1,0.01734678542,0
2508,03708,1,0.01565628906,0
2509,03719,1,0.02903972486,0
2510,03719,1,0.02712872612,0
2511,03719,1,0.07421951405,1
2512,03719,1,0.06372669008,1
2513,03719,1,0.05149168673,1
2514,03719,1,0.0295640679,0
2515,03719,1,0.02430567159,0
2516,03719,0,0.01180407773,0
2517,03719,0,0.03923203195,1
2518,03719,0,0.03241517601,1
2519,03719,0,0.03446608451,1
2520,03719,5,0.02451957875,0
2521,03769,0,0.02468096604,0
2522,03769,0,0.02248358784,0
2523,03769,1,0.006179267544,0
2524,03769,1,0.005936559171,0
2525,03769,1,0.007069659263,0
2526,03769,1,0.0164623456,0
2527,03769,1,0.01189668519,0
2528,03769,1,0.01215631225,0
2529,03813,1,0.01507716677,0
2530,03813,1,0.02036583278,0
2531,03813,1,0.01480461502,0
2532,03813,1,0.007815526927,0
2533,03813,0,0.02705881241,0
2534,03813,0,0.02515576198,0
2535,03836,1,0.006286909104,0
2536,03836,1,0.005986117866,0
2537,03836,0,0.0534116866,1
2538,03836,0,0.03026540602,1
2539,03836,0,0.03833413405,1
2540,03878,0,0.007672298519,0
2541,03878,0,0.007312858965,0
2542,03878,0,0.008132650438,0
2543,03878,0,0.007596585167,0
2544,03878,0,0.01077773926,0
2545,03878,0,0.009503919488,0
2546,03878,1,0.007823527328,0
2547,03878,2,0.005140527715,0
2548,03989,0,0.01005879647,0
2549,03989,0,0.01040565658,0
2550,03989,0,0.01279687136,0
2551,03989,0,0.01068004472,0
2552,03989,0,0.01190005398,0
2553,03989,0,0.009665026249,0
2554,03989,0,0.007666490198,0
2555,03989,0,0.008575135086,0
2556,03989,0,0.0110288039,0
2557,03989,0,0.01037593485,0
2558,03989,0,0.01106551094,0
2559,03989,0,0.01341358379,0
2560,04006,1,0.01312592594,0
2561,04006,0,0.01262144016,0
2562,04018,0,0.007616306634,0
2563,04018,0,0.004758326722,0
2564,04026,0,0.008972753295,0
2565,04026,0,0.004652439087,0
2566,04053,0,0.006533051711,0
2567,04053,0,0.005284226216,0
2568,04053,1,0.01158832229,0
2569,04053,1,0.005835021067,0
2570,04053,1,0.005312898412,0
2571,04053,1,0.009387954992,0
2572,04092,1,0.006847247404,0
2573,04092,1,0.00913680023,0
2574,04092,1,0.005901451494,0
2575,04092,1,0.005767744678,0
2576,04160,1,0.01647447716,0
2577,04160,1,0.01451770737,0
2578,04160,1,0.01949042625,0
2579,04160,1,0.02594352799,0
2580,04160,0,0.02576274164,0
2581,04160,0,0.03557928446,1
2582,04160,2,0.009761644874,0
