sample_id,s_mean,hardness_mean,sat_frac,M_mean,M_p99,frac_M_gt_0.5,rho_M_prior
00000,0.193553,0.018698,0.940826,0.031888,0.297607,0.003974,0.283621
00011,0.208895,0.019968,0.936815,0.032324,0.300293,0.003944,0.297561
00025,0.125525,0.020008,0.936979,0.02606,0.202393,0.002649,0.30272
00031,0.151164,0.022362,0.929996,0.027967,0.223999,0.002909,0.322028
00033,0.219186,0.024986,0.920033,0.0309,0.304124,0.004412,0.278735
00042,0.111162,0.015729,0.950041,0.031696,0.272217,0.002867,0.352024
00061,0.16209,0.027885,0.911352,0.02372,0.199341,0.002749,0.24167
00071,0.138953,0.022865,0.928369,0.023521,0.196167,0.00293,0.266582
00082,0.148051,0.022106,0.929437,0.031445,0.230957,0.0027,0.356779
00097,0.072736,0.015702,0.950016,0.028814,0.233032,0.001868,0.424584
00107,0.184105,0.025506,0.917993,0.033391,0.266357,0.003202,0.347993
00112,0.084157,0.013149,0.958955,0.035455,0.320801,0.004333,0.384924
00118,0.12084,0.019451,0.93797,0.034614,0.317139,0.003988,0.324252
00147,0.147853,0.020575,0.934525,0.032987,0.289307,0.003437,0.308156
00149,0.195947,0.015538,0.951196,0.030842,0.251221,0.002768,0.268563
00150,0.154903,0.014986,0.953247,0.032414,0.259766,0.002421,0.295097
00159,0.1362,0.014677,0.953992,0.028252,0.219971,0.002351,0.28361
00177,0.094938,0.013638,0.957063,0.03172,0.236206,0.002692,0.26151
00196,0.045805,0.010991,0.965384,0.046319,0.343994,0.00354,0.322323
00202,0.073947,0.010501,0.967031,0.035549,0.271729,0.002316,0.34556
00210,0.160025,0.01734,0.944748,0.029109,0.242188,0.002621,0.250734
00215,0.141286,0.008957,0.971797,0.032984,0.264648,0.002703,0.328633
00232,0.13514,0.015141,0.951697,0.028305,0.203979,0.00227,0.345381
00242,0.222101,0.022949,0.926678,0.025821,0.210815,0.002401,0.337029
00255,0.048912,0.019254,0.940464,0.024033,0.166382,0.001429,0.464619
00274,0.051529,0.018044,0.944125,0.024322,0.171021,0.001503,0.43051
00284,0.051606,0.018122,0.942794,0.021897,0.15686,0.001489,0.363557
00290,0.057586,0.017434,0.945058,0.025984,0.175781,0.001481,0.492135
00306,0.052947,0.016588,0.948475,0.024901,0.166382,0.001528,0.478411
00320,0.044266,0.013107,0.95944,0.024613,0.175781,0.001439,0.337758
00325,0.740339,0.041658,0.866269,0.016544,0.076843,0.001954,0.452255
00334,0.838248,0.038964,0.878621,0.019207,0.087402,0.002159,0.486048
00339,0.59485,0.04076,0.871938,0.013804,0.080933,0.002098,0.233473
00349,0.040609,0.008257,0.974331,0.022978,0.137817,0.00226,0.498849
00353,0.038752,0.007884,0.9753,0.023452,0.140137,0.002238,0.514036
00370,0.041121,0.008131,0.97487,0.024241,0.149292,0.002244,0.520355
00385,0.043029,0.00811,0.974677,0.022979,0.132935,0.002197,0.509739
00386,0.343686,0.046999,0.849665,0.023175,0.178345,0.002758,0.447908
00388,0.196851,0.022414,0.929531,0.018632,0.126831,0.00194,0.344614
00389,0.295664,0.033734,0.891977,0.020286,0.147339,0.001807,0.400443
00390,0.433527,0.039128,0.876623,0.021481,0.151245,0.002099,0.462021
00400,0.284189,0.040925,0.867399,0.021097,0.157959,0.002391,0.287982
00405,0.276308,0.039006,0.87603,0.022884,0.200928,0.002716,0.366141
00409,0.298683,0.031395,0.900396,0.020129,0.137939,0.002544,0.337206
00419,0.536297,0.062403,0.800912,0.017565,0.119995,0.002846,0.349126
00421,0.1654,0.01776,0.944069,0.021056,0.13501,0.002317,0.348278
00434,0.238233,0.026195,0.920078,0.019858,0.118774,0.002407,0.348774
00441,0.568613,0.060826,0.803064,0.018091,0.122742,0.003534,0.383109
00443,0.674103,0.044994,0.861449,0.017019,0.098938,0.003035,0.375903
00449,0.53797,0.056833,0.811729,0.018171,0.109131,0.003138,0.429581
00453,0.300067,0.028962,0.907295,0.018596,0.106323,0.002514,0.419158
00461,0.284838,0.029182,0.909617,0.01891,0.114563,0.002471,0.409208
00479,0.389946,0.055316,0.823376,0.019979,0.137939,0.002656,0.337955
00489,0.501945,0.04507,0.852849,0.017136,0.117798,0.003002,0.334293
00497,0.522685,0.05072,0.840885,0.019704,0.125244,0.003094,0.365617
00512,0.168043,0.026832,0.917002,0.02342,0.132935,0.001883,0.366891
00525,0.3476,0.049706,0.841105,0.020103,0.137939,0.001853,0.334207
00527,0.276455,0.031761,0.900435,0.020983,0.139084,0.002001,0.340804
00537,0.396985,0.055466,0.824813,0.019262,0.172485,0.002787,0.356716
00555,0.371957,0.044601,0.860193,0.020198,0.18335,0.003119,0.349071
00572,0.404229,0.06138,0.80469,0.018625,0.163696,0.00243,0.361671
00587,0.668033,0.049804,0.841213,0.016706,0.112976,0.00315,0.357931
00606,0.673869,0.047724,0.849286,0.018287,0.141235,0.003184,0.404973
00621,0.703442,0.044371,0.861226,0.016491,0.133423,0.002791,0.252862
00633,0.510366,0.054492,0.826783,0.01703,0.122314,0.002218,0.367395
00643,0.657696,0.025699,0.919416,0.015636,0.093201,0.002127,0.310329
00652,0.585336,0.042652,0.864043,0.013716,0.0802,0.00201,0.284722
00653,0.597977,0.044821,0.857255,0.015838,0.088501,0.003058,0.357461
00661,0.524703,0.03662,0.885695,0.016943,0.109131,0.001967,0.343557
00671,0.299813,0.041662,0.867261,0.015696,0.105591,0.001953,0.285917
00676,0.282499,0.03086,0.903137,0.016893,0.10614,0.002213,0.32746
00677,0.424606,0.047005,0.85089,0.01772,0.105591,0.002216,0.300788
00687,0.599189,0.044061,0.860481,0.018281,0.109497,0.002696,0.386263
00697,0.558885,0.053288,0.830594,0.015231,0.10144,0.00274,0.342702
00712,0.058457,0.011468,0.963735,0.022175,0.104309,0.00214,0.521766
00716,0.063125,0.017074,0.94556,0.022023,0.090759,0.002018,0.620669
00719,0.085194,0.01002,0.968165,0.072035,0.375,0.003684,0.260146
00725,0.106416,0.010715,0.965898,0.069776,0.367188,0.003568,0.262756
00726,0.110347,0.010106,0.968016,0.071238,0.375488,0.003836,0.265802
00738,0.118927,0.013387,0.957442,0.048835,0.316406,0.002787,0.368636
00760,0.091512,0.013784,0.955971,0.042722,0.300781,0.003185,0.293774
00762,0.079218,0.011783,0.962482,0.046258,0.311768,0.003502,0.319802
00769,0.081628,0.011362,0.963957,0.04366,0.310059,0.003557,0.325233
00787,0.224608,0.018574,0.941146,0.03349,0.116333,0.002536,0.563748
00800,0.19397,0.017119,0.945633,0.037584,0.151001,0.002692,0.536419
00801,0.006342,0.001577,0.995305,0.03579,0.161865,0.001753,0.563816
00805,0.006128,0.001878,0.994445,0.028505,0.125244,0.001732,0.476923
00818,0.005824,0.001457,0.995834,0.029365,0.127686,0.001741,0.489595
00825,0.406271,0.025481,0.92063,0.019156,0.145142,0.002183,0.314307
00826,0.464718,0.032479,0.897069,0.019417,0.160278,0.002597,0.343124
00829,0.461016,0.038471,0.877346,0.018925,0.154541,0.002594,0.338423
00834,0.441707,0.035181,0.887283,0.019145,0.161377,0.002672,0.313506
00857,0.473585,0.031115,0.900686,0.01781,0.136353,0.002499,0.298333
00867,0.026847,0.00385,0.988012,0.039134,0.19043,0.001975,0.485109
00871,0.030144,0.004106,0.987176,0.039134,0.188965,0.001979,0.474357
00878,0.032296,0.004176,0.986964,0.03831,0.186279,0.001962,0.462068
00896,0.037854,0.005853,0.981673,0.028742,0.194336,0.002646,0.509667
00910,0.03977,0.006232,0.980473,0.02918,0.194702,0.002604,0.506963
00916,0.037696,0.006269,0.980453,0.029114,0.209106,0.002669,0.510252
00922,0.036739,0.007122,0.977751,0.027591,0.182983,0.00271,0.509598
00926,0.039897,0.007628,0.975684,0.029024,0.156372,0.002528,0.524251
00950,0.067634,0.013696,0.956787,0.023041,0.095703,0.00178,0.570286
00958,0.091415,0.014765,0.953194,0.023792,0.115967,0.001778,0.512599
00965,0.086384,0.014408,0.954248,0.025419,0.125244,0.001825,0.545809
00976,0.231383,0.037588,0.880174,0.021551,0.176392,0.002426,0.327363
00994,0.236091,0.038066,0.877546,0.020719,0.174072,0.0026,0.277479
01017,0.31267,0.044977,0.857071,0.021713,0.166138,0.002888,0.410838
01034,0.133616,0.028298,0.909855,0.020531,0.133423,0.002127,0.325353
01043,0.11691,0.023585,0.925625,0.021641,0.152832,0.002347,0.308456
01079,0.377683,0.042118,0.864892,0.0253,0.256836,0.004237,0.413285
01093,0.3603,0.050778,0.83852,0.026316,0.265137,0.004026,0.421128
01101,0.356604,0.051238,0.836952,0.02345,0.214722,0.003131,0.375854
01115,0.374799,0.02412,0.922878,0.016471,0.127686,0.002881,0.185592
01122,0.41944,0.024324,0.924049,0.017028,0.13269,0.003056,0.230639
01136,0.425693,0.028125,0.909053,0.01832,0.141648,0.003151,0.307762
01147,0.41174,0.021224,0.932084,0.017803,0.125732,0.003127,0.307909
01156,0.407201,0.023891,0.923378,0.015973,0.092308,0.0028,0.248675
01165,0.380393,0.018309,0.940662,0.016097,0.111816,0.002965,0.132329
01186,0.17953,0.02246,0.92902,0.028342,0.228516,0.0028,0.313887
01204,0.12352,0.018902,0.940019,0.027193,0.215698,0.003061,0.319616
01212,0.128442,0.019957,0.936078,0.027913,0.19873,0.00228,0.363356
01223,0.175761,0.020075,0.936227,0.029298,0.239014,0.002825,0.333843
01227,0.114999,0.025778,0.919473,0.019595,0.11554,0.001826,0.368095
01242,0.339981,0.054623,0.826083,0.015401,0.100159,0.001966,0.319951
01249,0.324556,0.047317,0.84935,0.015414,0.108948,0.002098,0.33294
01267,0.685506,0.036119,0.88611,0.021185,0.11676,0.002008,0.466694
01270,0.244354,0.034449,0.890394,0.018713,0.137817,0.002035,0.244962
01299,0.384085,0.034229,0.89164,0.017648,0.122925,0.002262,0.355267
01301,0.142337,0.012384,0.960955,0.04129,0.312749,0.008374,0.19995
01320,0.142159,0.012462,0.960955,0.041401,0.307642,0.008403,0.191487
01331,0.144668,0.011901,0.962876,0.041889,0.30665,0.008252,0.162234
01345,0.077364,0.011928,0.962462,0.024131,0.119385,0.001605,0.492385
01388,0.08448,0.014601,0.953375,0.023128,0.112183,0.001592,0.444909
01393,0.190536,0.019474,0.937936,0.103884,0.635254,0.022842,0.275145
01406,0.185413,0.019172,0.939031,0.106185,0.641113,0.024234,0.28183
01413,0.184097,0.019338,0.938806,0.105776,0.640137,0.02383,0.280004
01415,0.183463,0.019382,0.938304,0.1057,0.640625,0.023733,0.27904
01422,0.192566,0.019379,0.938269,0.106253,0.643066,0.024488,0.275438
01432,0.219796,0.023387,0.925533,0.089081,0.555664,0.014798,0.407485
01437,0.267682,0.025036,0.92048,0.075122,0.496094,0.009725,0.436947
01442,0.295403,0.021641,0.931458,0.056842,0.383301,0.005196,0.485571
01443,0.29658,0.021008,0.933192,0.057281,0.37085,0.00464,0.502958
01454,0.667087,0.061863,0.802146,0.02239,0.120422,0.002595,0.354671
01462,0.669863,0.063102,0.799048,0.023126,0.125488,0.002658,0.366884
01471,0.666928,0.064008,0.795999,0.022141,0.119019,0.002548,0.341409
01482,0.672883,0.065035,0.79274,0.020857,0.113586,0.002611,0.303761
01486,0.670396,0.064029,0.796,0.022701,0.122498,0.002617,0.358036
01492,0.668254,0.058065,0.814852,0.022005,0.117722,0.00258,0.32798
01494,0.184341,0.007364,0.977091,0.060017,0.349856,0.005589,0.225745
01505,0.163654,0.008432,0.973391,0.064528,0.371338,0.005747,0.244156
01511,0.159305,0.008538,0.973206,0.064644,0.359377,0.005505,0.256002
01527,0.160735,0.007783,0.975591,0.063195,0.344971,0.005281,0.233587
01531,0.094591,0.010947,0.96556,0.023573,0.119629,0.001827,0.497607
01547,0.096303,0.011402,0.964032,0.024731,0.124207,0.001846,0.532309
01562,0.098566,0.011317,0.964122,0.02491,0.124451,0.00183,0.548128
01579,0.096636,0.011574,0.963369,0.026057,0.130737,0.00191,0.573483
01584,0.040562,0.006009,0.981149,0.031358,0.210083,0.001976,0.463112
01587,0.035157,0.007765,0.975374,0.031978,0.219971,0.00215,0.468472
01599,0.033186,0.007344,0.977153,0.030475,0.197388,0.002417,0.441153
01608,0.035406,0.006376,0.980048,0.032505,0.220703,0.002149,0.469026
01640,0.024355,0.006379,0.980024,0.033273,0.203979,0.002295,0.453652
01659,0.023795,0.006598,0.979434,0.033802,0.211792,0.002288,0.459759
01670,0.076342,0.005858,0.981706,0.037951,0.223999,0.00235,0.370547
01673,0.037475,0.004494,0.985947,0.035803,0.20752,0.002289,0.382431
01707,0.041133,0.006043,0.981263,0.039177,0.236206,0.002767,0.387018
01710,0.166609,0.014272,0.954693,0.026817,0.150757,0.001972,0.40828
01724,0.16864,0.014135,0.954987,0.026858,0.151733,0.00199,0.407677
01729,0.169324,0.013963,0.955601,0.026625,0.149292,0.002007,0.404879
01741,0.170281,0.014037,0.95554,0.027549,0.156616,0.002005,0.423245
01760,0.178944,0.017404,0.945082,0.022562,0.131226,0.001807,0.335621
01773,0.176409,0.016564,0.947605,0.023072,0.136353,0.001815,0.360959
01779,0.174598,0.016514,0.947511,0.023159,0.137817,0.001817,0.362123
01783,0.173662,0.01641,0.948057,0.023329,0.137939,0.001821,0.366085
01789,0.17259,0.016182,0.948563,0.023419,0.13916,0.001856,0.36783
01803,0.053686,0.009801,0.97054,0.021099,0.172729,7.8e-05,0.410827
01806,0.05327,0.009054,0.972955,0.022096,0.178101,7.8e-05,0.430963
01807,0.052162,0.01011,0.969794,0.021769,0.170532,9.2e-05,0.434278
01811,0.055147,0.008053,0.975696,0.021889,0.178955,7.8e-05,0.422766
01828,0.061857,0.011831,0.964517,0.021072,0.158936,0.000206,0.422991
01845,0.135859,0.010454,0.96691,0.022308,0.12915,0.0019,0.530404
01856,0.136697,0.010586,0.966437,0.02365,0.144653,0.001998,0.57067
01861,0.14256,0.010716,0.965945,0.023445,0.141724,0.001972,0.545181
01867,0.081447,0.00811,0.974585,0.024001,0.134521,0.001311,0.49788
01899,0.085166,0.008347,0.973657,0.023108,0.128296,0.001308,0.476812
01911,0.086282,0.008778,0.972167,0.022585,0.126343,0.001307,0.469507
01912,0.224488,0.025817,0.916071,0.026672,0.112427,0.004964,0.441144
01913,0.207971,0.022911,0.927161,0.027682,0.121704,0.00508,0.460196
01919,0.200511,0.022606,0.928554,0.026925,0.113159,0.005009,0.455414
01929,0.197856,0.023078,0.925098,0.027579,0.113586,0.004973,0.447806
01937,0.063305,0.007639,0.976617,0.036348,0.184448,0.001963,0.36099
01947,0.063603,0.00734,0.977304,0.037165,0.187378,0.00201,0.367953
01954,0.062942,0.007585,0.976864,0.037861,0.188354,0.002018,0.376963
01963,0.061501,0.007384,0.977174,0.038176,0.19043,0.002032,0.376209
01977,0.020684,0.002596,0.9921,0.037394,0.196167,0.001831,0.487612
01981,0.020709,0.003047,0.990678,0.037512,0.199341,0.001972,0.481927
01985,0.032404,0.006783,0.978748,0.028259,0.168823,0.002131,0.485164
01994,0.212529,0.014076,0.955143,0.027019,0.209473,0.002117,0.268215
01996,0.220293,0.012832,0.959203,0.025378,0.195923,0.001918,0.262264
02002,0.190634,0.010504,0.966924,0.022456,0.178345,0.001994,0.236374
02011,0.17021,0.011805,0.96269,0.021087,0.166382,0.001996,0.205412
02033,0.201151,0.011887,0.962486,0.022377,0.16748,0.002154,0.225489
02045,0.125183,0.019141,0.938986,0.031469,0.237183,0.002471,0.359849
02073,0.118958,0.016876,0.946182,0.033935,0.254883,0.002527,0.364476
02083,0.122684,0.016136,0.948714,0.035064,0.259521,0.002527,0.363391
02090,0.118611,0.015811,0.949524,0.036314,0.269211,0.002612,0.386478
02102,0.306525,0.016105,0.94927,0.023154,0.224365,0.002084,0.250086
02119,0.288936,0.013322,0.957957,0.024961,0.268066,0.002402,0.224612
02120,0.419495,0.01381,0.955732,0.030637,0.231934,0.002446,0.434356
02142,0.238659,0.022498,0.928506,0.029476,0.264404,0.002374,0.335154
02163,0.077043,0.008357,0.973773,0.022728,0.174072,0.001708,0.274189
02180,0.071106,0.007393,0.976593,0.030447,0.223389,0.001846,0.410785
02195,0.078498,0.006803,0.978536,0.032313,0.242074,0.002062,0.412806
02213,0.071477,0.007867,0.975203,0.036048,0.30835,0.002766,0.403031
02233,0.123033,0.008253,0.973729,0.024567,0.201172,0.002099,0.358757
02236,0.090133,0.00663,0.979019,0.023929,0.172485,0.002139,0.331744
02249,0.12365,0.012023,0.962039,0.02392,0.195923,0.001696,0.254407
02278,0.093561,0.008816,0.97179,0.028677,0.220703,0.001973,0.391729
02296,0.113057,0.009248,0.970709,0.030966,0.23938,0.00282,0.412409
02310,0.168814,0.011204,0.964536,0.026191,0.20813,0.002047,0.348627
02317,0.14738,0.009162,0.970847,0.030865,0.270508,0.002642,0.38992
02322,0.163505,0.012513,0.960335,0.028088,0.2854,0.00257,0.297919
02337,0.170643,0.009007,0.97146,0.022922,0.205933,0.002028,0.1951
02352,0.221447,0.012244,0.96102,0.01987,0.142212,0.001932,0.220911
02369,0.173808,0.012269,0.961472,0.025028,0.223999,0.002206,0.274955
02394,0.213053,0.005818,0.981471,0.02017,0.173828,0.002155,0.26275
02405,0.148423,0.011002,0.964831,0.018031,0.114197,0.001511,0.190343
02440,0.095338,0.012923,0.958604,0.021019,0.136597,0.001513,0.278966
02450,0.114629,0.009375,0.970128,0.023292,0.172729,0.001542,0.289496
02455,0.107508,0.007857,0.975129,0.025867,0.211792,0.002116,0.310691
02464,0.088649,0.008882,0.971976,0.027119,0.210815,0.002295,0.350036
02473,0.099216,0.008713,0.972103,0.030437,0.234741,0.002431,0.343883
02478,0.075288,0.009881,0.968705,0.031313,0.344238,0.00521,0.312701
02486,0.06201,0.009374,0.970355,0.025231,0.19165,0.002313,0.400092
02495,0.064408,0.008601,0.97295,0.024043,0.175179,0.001761,0.345938
02522,0.127514,0.010942,0.965412,0.024542,0.177856,0.001792,0.260025
02527,0.25377,0.023924,0.923777,0.041287,0.311523,0.002548,0.264542
02530,0.275535,0.018268,0.943624,0.029305,0.186279,0.001846,0.34434
02533,0.029734,0.006148,0.98044,0.028026,0.160278,0.001413,0.329797
02544,0.531851,0.052173,0.833398,0.015706,0.129639,0.002796,0.382764
02556,0.073952,0.00992,0.968849,0.021432,0.110783,0.001467,0.321845
02572,0.094076,0.00851,0.973391,0.019861,0.112427,0.001793,0.337434
02606,0.180667,0.004917,0.984488,0.024302,0.192505,0.002083,0.33554
02611,0.158413,0.009985,0.968086,0.023749,0.169922,0.001579,0.343808
02624,0.172273,0.008883,0.9716,0.030177,0.279297,0.003429,0.233187
02641,0.318817,0.043698,0.859976,0.023193,0.150269,0.004444,0.384804
02651,0.064089,0.007282,0.977988,0.022572,0.188354,0.004353,0.334405
02658,0.081593,0.0088,0.972634,0.027467,0.320562,0.005305,0.3795
02667,0.262009,0.006437,0.979818,0.023662,0.117981,0.000632,0.311654
02709,0.17098,0.007829,0.975258,0.042963,0.359131,0.004169,0.367421
02720,0.152453,0.016939,0.946143,0.028594,0.217285,0.002249,0.311358
02731,0.149877,0.017777,0.943553,0.026385,0.189209,0.001597,0.296797
02739,0.211834,0.018497,0.941071,0.037402,0.313721,0.003348,0.361318
02754,0.051341,0.008602,0.973006,0.0458,0.285889,0.002769,0.209963
02757,0.374066,0.065922,0.789602,0.014171,0.096008,0.002291,0.274663
02762,0.517208,0.048686,0.845543,0.015709,0.130493,0.00289,0.355507
02778,0.449537,0.036872,0.883511,0.018,0.13916,0.002584,0.346518
02786,0.127102,0.015799,0.949896,0.039808,0.32251,0.003536,0.332147
02816,0.199697,0.013105,0.958537,0.035806,0.258057,0.00238,0.270149
02821,0.200787,0.018876,0.93996,0.033535,0.258789,0.002482,0.289123
02846,0.053982,0.007244,0.977016,0.041654,0.304688,0.003049,0.38664
02860,0.071718,0.011602,0.963282,0.049058,0.400635,0.005118,0.358121
02869,0.138119,0.013715,0.956495,0.038062,0.272461,0.002419,0.313813
02896,0.216671,0.019374,0.938553,0.035006,0.336182,0.005142,0.228262
02956,0.133214,0.012322,0.96078,0.045154,0.369385,0.004252,0.419173
03019,0.142283,0.015181,0.95149,0.028581,0.188354,0.001976,0.35608
03045,0.160736,0.015737,0.950128,0.036222,0.281006,0.003451,0.249598
03100,0.101654,0.009334,0.970328,0.031378,0.289551,0.002295,0.376313
03109,0.103842,0.010862,0.965154,0.027405,0.210815,0.001993,0.358847
03143,0.122459,0.010423,0.966857,0.027932,0.214242,0.001842,0.355563
03173,0.072889,0.010827,0.965637,0.034024,0.32251,0.003462,0.357176
03219,0.136421,0.009409,0.970282,0.030231,0.284912,0.002698,0.37881
03260,0.1191,0.008734,0.972623,0.03445,0.285889,0.002565,0.39073
03281,0.151184,0.010997,0.965237,0.042624,0.340088,0.003894,0.387092
03289,0.117288,0.009653,0.969428,0.048657,0.348877,0.003164,0.435285
03354,0.101805,0.013192,0.958219,0.046371,0.269775,0.002272,0.457134
03375,0.066241,0.009297,0.970617,0.052212,0.357178,0.003607,0.502848
03381,0.089301,0.009636,0.969337,0.043549,0.336914,0.004436,0.440246
03409,0.121235,0.008224,0.973929,0.032153,0.253906,0.002906,0.41437
03417,0.137491,0.012418,0.96026,0.051269,0.406738,0.004589,0.455037
03433,0.096106,0.012591,0.961033,0.031495,0.27124,0.002471,0.36137
03438,0.131864,0.011765,0.962683,0.032915,0.258789,0.002678,0.335318
03462,0.11695,0.014152,0.955343,0.038834,0.286377,0.003574,0.33458
03473,0.172943,0.024711,0.921862,0.047382,0.411133,0.006254,0.279202
03575,0.112449,0.009042,0.971663,0.038627,0.307373,0.002838,0.404168
03589,0.144405,0.009588,0.969601,0.026565,0.20813,0.002625,0.341409
03600,0.160175,0.011312,0.964263,0.039392,0.298828,0.003652,0.406878
03640,0.092305,0.011971,0.962098,0.042694,0.322998,0.003048,0.369897
03708,0.16219,0.012865,0.959457,0.037863,0.311768,0.003281,0.39523
03719,0.163086,0.013184,0.958492,0.032461,0.234375,0.002267,0.349963
03769,0.193398,0.012475,0.960809,0.035372,0.29126,0.002434,0.273495
03813,0.086496,0.00775,0.975165,0.041161,0.320068,0.003609,0.188075
03836,0.153109,0.009182,0.970684,0.0277,0.206909,0.001834,0.274596
03878,0.665343,0.028784,0.910084,0.024335,0.168091,0.002647,0.433248
03989,0.836685,0.013782,0.960122,0.03138,0.248047,0.003549,0.43472
04006,0.684218,0.035954,0.887407,0.017943,0.115173,0.001794,0.316854
04018,0.776489,0.017345,0.944352,0.023163,0.137573,0.002954,0.460681
04026,0.784267,0.017232,0.945085,0.022672,0.133179,0.002789,0.449689
04053,0.520022,0.031778,0.902636,0.022665,0.141724,0.00162,0.36842
04092,0.60684,0.045525,0.848134,0.022805,0.147095,0.001909,0.376199
04160,0.049793,0.004143,0.987314,0.033203,0.259766,0.002926,0.403659
